timestamp,dx_cm,ax,right,left
1783181350.5213833,0.0,0.0,False,False
1783181350.5255299,0.0,0.0,False,False
1783181350.5417626,0.0,0.0,False,False
1783181350.5575142,0.0,0.0,False,False
1783181350.5731795,0.0,0.0,False,False
1783181350.5894868,0.0,0.0,False,False
1783181350.6068773,0.0,0.0,False,False
1783181350.622394,0.0,0.0,False,False
1783181350.6386623,0.0,0.0,False,False
1783181350.6541836,0.0,0.0,False,False
1783181350.670798,0.0,0.0,False,False
1783181350.6863368,0.0,0.0,False,False
1783181350.7026384,0.0,0.0,False,False
1783181350.7184305,0.0,0.0,False,False
1783181350.7346656,0.0,0.0,False,False
1783181350.7506084,0.0,0.0,False,False
1783181350.7664742,0.0,0.0,False,False
1783181350.7822843,0.0,0.0,False,False
1783181350.7989328,0.0,0.0,False,False
1783181350.8141437,0.0,0.0,False,False
1783181350.830572,0.0,0.0,False,False
1783181350.8468587,0.0,0.0,False,False
1783181350.8626103,0.0,0.0,False,False
1783181350.879693,0.0,0.0,False,False
1783181350.895791,0.0,0.0,False,False
1783181350.911842,0.0,0.0,False,False
1783181350.927763,0.0,0.0,False,False
1783181350.94329,0.0,0.0,False,False
1783181350.9593503,0.0,0.0,False,False
1783181350.9755695,0.0,0.0,False,False
1783181350.991762,0.0,0.0,False,False
1783181351.0072289,0.0,0.0,False,False
1783181351.0234354,0.0,0.0,False,False
1783181351.0394182,0.0,0.0,False,False
1783181351.055978,0.0,0.0,False,False
1783181351.0717356,0.0,0.0,False,False
1783181351.0872777,0.0,0.0,False,False
1783181351.1040998,0.0,0.0,False,False
1783181351.1198142,0.0,0.0,False,False
1783181351.136266,0.0,0.0,False,False
1783181351.1524396,0.0,0.0,False,False
1783181351.168472,0.0,0.0,False,False
1783181351.1846216,0.0,0.0,False,False
1783181351.2003827,0.0,0.0,False,False
1783181351.2168424,0.0,0.0,False,False
1783181351.2328665,0.0,0.0,False,False
1783181351.248321,0.0,0.0,False,False
1783181351.2641518,0.0,0.0,False,False
1783181351.280778,0.0,0.0,False,False
1783181351.2973428,0.0,0.0,False,False
1783181351.3129659,0.0,0.0,False,False
1783181351.3291996,0.0,0.0,False,False
1783181351.3459604,0.0,0.0,False,False
1783181351.361483,0.0,0.0,False,False
1783181351.3772626,0.0,0.0,False,False
1783181351.394163,0.0,0.0,False,False
1783181351.410124,0.0,0.0,False,False
1783181351.425764,0.0,0.0,False,False
1783181351.4413726,0.0,0.0,False,False
1783181351.4580417,0.0,0.0,False,False
1783181351.4737763,0.0,0.0,False,False
1783181351.4893768,0.0,0.0,False,False
1783181351.50599,0.0,0.0,False,False
1783181351.5214448,0.0,0.0,False,False
1783181351.5382454,0.0,0.0,False,False
1783181351.5547774,0.0,0.0,False,False
1783181351.5705454,0.0,0.0,False,False
1783181351.5869699,0.0,0.0,False,False
1783181351.6027582,0.0,0.0,False,False
1783181351.6184158,0.0,0.0,False,False
1783181351.634569,0.0,0.0,False,False
1783181351.6503747,0.0,0.0,False,False
1783181351.6670341,0.0,0.0,False,False
1783181351.6823802,0.0,0.0,False,False
1783181351.69829,0.0,0.0,False,False
1783181351.7146711,0.0,0.0,False,False
1783181351.7307644,0.0,0.0,False,False
1783181351.7461982,0.0,0.0,False,False
1783181351.7624366,0.0,0.0,False,False
1783181351.7790864,0.0,0.0,False,False
1783181351.795407,0.0,0.0,False,False
1783181351.8122816,0.0,0.0,False,False
1783181351.828751,0.0,0.0,False,False
1783181351.8447,0.0,0.0,False,False
1783181351.8608093,0.0,0.0,False,False
1783181351.87697,0.0,0.0,False,False
1783181351.8926084,0.0,0.0,False,False
1783181351.9090939,0.0,0.0,False,False
1783181351.925591,0.0,0.0,False,False
1783181351.9421883,0.0,0.0,False,False
1783181351.9589758,0.0,0.0,False,False
1783181351.974584,0.0,0.0,False,False
1783181351.9909518,0.0,0.0,False,False
1783181352.006428,0.0,0.0,False,False
1783181352.0222287,0.0,0.0,False,False
1783181352.0386722,0.0,0.0,False,False
1783181352.0551417,0.0,0.0,False,False
1783181352.0715463,0.0,0.0,False,False
1783181352.0877564,0.0,0.0,False,False
1783181352.1034815,0.0,0.0,False,False
1783181352.1200733,0.0,0.0,False,False
1783181352.135611,0.0,0.0,False,False
1783181352.1514137,0.0,0.0,False,False
1783181352.167406,0.0,0.0,False,False
1783181352.1840014,0.0,0.0,False,False
1783181352.1999485,0.0,0.0,False,False
1783181352.2153695,0.0,0.0,False,False
1783181352.231399,0.0,0.0,False,False
1783181352.2478805,0.0,0.0,False,False
1783181352.263934,0.0,0.0,False,False
1783181352.2795584,0.0,0.0,False,False
1783181352.295323,0.0,0.0,False,False
1783181352.3112981,0.0,0.0,False,False
1783181352.3275301,0.0,0.0,False,False
1783181352.3433106,0.0,0.0,False,False
1783181352.36015,0.0,0.0,False,False
1783181352.376552,0.0,0.0,False,False
1783181352.392963,0.0,0.0,False,False
1783181352.4088004,0.0,0.0,False,False
1783181352.4243748,0.0,0.0,False,False
1783181352.4409938,0.0,0.0,False,False
1783181352.4564884,0.0,0.0,False,False
1783181352.473012,0.0,0.0,False,False
1783181352.488357,0.0,0.0,False,False
1783181352.5051446,0.0,0.0,False,False
1783181352.5217812,0.0,0.0,False,False
1783181352.5376413,0.0,0.0,False,False
1783181352.5534782,0.0,0.0,False,False
1783181352.5697176,0.0,0.0,False,False
1783181352.5857642,0.0,0.0,False,False
1783181352.6020482,0.0,0.0,False,False
1783181352.6178806,0.0,0.0,False,False
1783181352.6333673,0.0,0.0,False,False
1783181352.650126,0.0,0.0,False,False
1783181352.666671,0.0,0.0,False,False
1783181352.682936,0.0,0.0,False,False
1783181352.698899,0.0,0.0,False,False
1783181352.7143202,0.0,0.0,False,False
1783181352.731261,0.0,0.0,False,False
1783181352.7481732,0.0,0.0,False,False
1783181352.7648292,0.0,-14.79583838868881,False,False
1783181352.781134,0.0,0.0,False,False
1783181352.7967823,0.0,9.028120047913893,False,False
1783181352.8127065,0.0,0.0,False,False
1783181352.8288057,0.0,0.0,False,False
1783181352.844726,0.0,-8.66875650124002,False,False
1783181352.8611274,0.0,0.0,False,False
1783181352.8776796,0.0,0.0,False,False
1783181352.8938951,0.0,3.3982777848088426,False,False
1783181352.909833,0.0,0.0,False,False
1783181352.925635,0.0,0.0,False,False
1783181352.9422412,0.0,0.0,False,False
1783181352.9593291,0.0,6.2468345499900835,False,False
1783181352.9752283,0.0,0.0,False,False
1783181352.9910648,0.0,0.0,False,False
1783181353.0062165,0.0,0.0,False,False
1783181353.0226045,0.0,-2.984295569359157,False,False
1783181353.0386002,0.0,0.0,False,False
1783181353.0543606,0.0,0.0,False,False
1783181353.0706503,0.0,0.0,False,False
1783181353.087351,0.0,-0.7929748565712403,False,False
1783181353.1035697,0.0,0.0,False,False
1783181353.119567,0.0,0.0,False,False
1783181353.135296,0.0,0.0,False,False
1783181353.1519659,0.0,0.0,False,False
1783181353.1677537,0.0,3.4838508868174274,False,False
1783181353.1835754,0.0,0.0,False,False
1783181353.199883,0.0,0.0,False,False
1783181353.216051,0.0,0.0035987966476902886,False,False
1783181353.2319233,0.0,0.0,False,False
1783181353.2473845,0.0,0.0,False,False
1783181353.2640913,0.0,0.0,False,False
1783181353.280063,0.0,2.948313660745272,False,False
1783181353.2960865,0.0,0.0,False,False
1783181353.3114007,0.0,0.0,False,False
1783181353.328201,0.0,-1.66130298866767,False,False
1783181353.3452764,0.0,0.0,False,False
1783181353.3616421,0.0,0.0,False,False
1783181353.377588,0.0,0.0,False,False
1783181353.3938384,0.0,1.8268684051285542,False,False
1783181353.409545,0.0,0.0,False,False
1783181353.4253662,0.0,0.0,False,False
1783181353.4419622,0.0,0.0,False,False
1783181353.457376,0.0,0.8680171306596554,False,False
1783181353.474017,0.0,0.0,False,False
1783181353.4897828,0.0,0.0,False,False
1783181353.5060396,0.0,0.0,False,False
1783181353.5215352,0.0,-1.8382630600529466,False,False
1783181353.5376997,0.0,0.0,False,False
1783181353.5535553,0.0,0.0,False,False
1783181353.5701718,0.0,3.0340174566866067,False,False
1783181353.5858958,0.0,0.0,False,False
1783181353.6018353,0.0,0.0,False,False
1783181353.6179004,0.0,0.0,False,False
1783181353.6335535,0.0,0.9076517368571626,False,False
1783181353.6496398,0.0,0.0,False,False
1783181353.6653507,0.0,0.0,False,False
1783181353.682063,0.0,-0.07336878229774302,False,False
1783181353.697945,0.0,0.0,False,False
1783181353.7138875,0.0,0.0,False,False
1783181353.729933,0.0,0.0,False,False
1783181353.7464428,0.0,0.5352474465636735,False,False
1783181353.7629867,0.0,0.0,False,False
1783181353.7792265,0.0,0.0,False,False
1783181353.7954285,0.0,0.0,False,False
1783181353.811598,-0.8027528195415801,-0.18081102448786662,False,False
1783181353.8279526,-0.8027528195415801,0.0,False,False
1783181353.8442008,-0.8027528195415801,0.0,False,False
1783181353.8609412,-0.8027528195415801,0.0,False,False
1783181353.876515,-0.7700391833984948,-0.2855673476038506,False,False
1783181353.8925147,-0.7700391833984948,0.0,False,False
1783181353.909133,-0.7700391833984948,0.0,False,False
1783181353.925445,-0.7700391833984948,0.0,False,False
1783181353.9417338,-0.7159407578700463,0.46204230719066053,False,False
1783181353.9582164,-0.7159407578700463,0.0,False,False
1783181353.9750206,-0.7159407578700463,0.0,False,False
1783181353.9902475,-0.7159407578700463,0.0,False,False
1783181354.0064328,-0.7159407578700463,0.0,False,False
1783181354.0229297,-0.6995436744637766,-0.7971943867983557,False,False
1783181354.0389385,-0.6995436744637766,0.0,False,False
1783181354.0547857,-0.6995436744637766,0.0,False,False
1783181354.0706637,-0.6995436744637766,0.0,False,False
1783181354.0863557,-0.6710825772205746,0.2913823739348889,False,False
1783181354.102712,-0.6710825772205746,0.0,False,False
1783181354.1185572,-0.6710825772205746,0.0,False,False
1783181354.1348345,-0.6710825772205746,0.0,False,False
1783181354.151226,-0.6541997120340495,-0.23725600267693758,False,False
1783181354.167716,-0.6541997120340495,0.0,False,False
1783181354.1839309,-0.6541997120340495,0.0,False,False
1783181354.2001276,-0.5758979236893439,1.7031517366896098,False,False
1783181354.2158146,-0.5758979236893439,0.0,False,False
1783181354.2321925,-0.5758979236893439,0.0,False,False
1783181354.2480457,-0.49272273096089914,0.02394219888242326,False,False
1783181354.2640595,-0.49272273096089914,0.0,False,False
1783181354.2800097,-0.49272273096089914,0.0,False,False
1783181354.2958996,-0.49272273096089914,0.0,False,False
1783181354.3119557,-0.46632425796113475,-1.4672774566828537,False,False
1783181354.328036,-0.46632425796113475,0.0,False,False
1783181354.343756,-0.46632425796113475,0.0,False,False
1783181354.360244,-0.46632425796113475,0.0,False,False
1783181354.3767684,-0.38938889323361836,0.9306431167311483,False,False
1783181354.3922515,-0.38938889323361836,0.0,False,False
1783181354.4088893,-0.38938889323361836,0.0,False,False
1783181354.4247556,-0.38938889323361836,0.0,False,False
1783181354.4412265,-0.38938889323361836,0.0,False,False
1783181354.4569364,-0.3741010548549908,-1.3483808247096656,False,False
1783181354.4726038,-0.3741010548549908,0.0,False,False
1783181354.4886155,-0.3741010548549908,0.0,False,False
1783181354.5045707,-0.5609607833873713,-5.9556651689702935,False,False
1783181354.5208297,-0.5609607833873713,0.0,False,False
1783181354.536462,-0.5609607833873713,0.0,False,False
1783181354.5525546,-1.5789048139767898,-21.52423521540919,False,False
1783181354.5683944,-1.5789048139767898,0.0,False,False
1783181354.5848417,-1.948860111685454,13.303031770773972,False,False
1783181354.6005437,-1.948860111685454,0.0,False,False
1783181354.6163712,-1.948860111685454,0.0,False,False
1783181354.6327333,-1.997453876292184,11.738189373686819,False,False
1783181354.6485996,-1.997453876292184,0.0,False,False
1783181354.665171,-1.997453876292184,0.0,False,False
1783181354.6808581,3.2667970194702174,199.63322114216726,False,True
1783181354.696788,3.2667970194702174,0.0,False,True
1783181354.7127855,6.340286387875869,-91.73580332669884,True,False
1783181354.7291443,6.340286387875869,0.0,True,False
1783181354.744352,6.340286387875869,0.0,True,False
1783181354.760856,10.848149074145217,54.56048747184474,True,False
1783181354.7766924,10.848149074145217,0.0,True,False
1783181354.7930021,11.39272603639277,-136.3199753339511,True,False
1783181354.8088758,11.39272603639277,0.0,True,False
1783181354.8243978,11.39272603639277,0.0,True,False
1783181354.8409283,11.39272603639277,0.0,True,False
1783181354.8572662,12.858350449531724,19.193827101776737,True,False
1783181354.8730128,12.858350449531724,0.0,True,False
1783181354.8883638,12.858350449531724,0.0,True,False
1783181354.9053576,13.002585424610219,-33.50750995957872,True,False
1783181354.9221988,13.002585424610219,0.0,True,False
1783181354.9376185,13.002585424610219,0.0,True,False
1783181354.9539204,13.002585424610219,0.0,True,False
1783181354.9698758,12.965751086066437,-4.602322604218889,True,False
1783181354.9861114,12.965751086066437,0.0,True,False
1783181355.0013962,12.965751086066437,0.0,True,False
1783181355.01762,12.820102927627198,-2.347921586228652,True,False
1783181355.0340056,12.820102927627198,0.0,True,False
1783181355.0493486,12.820102927627198,0.0,True,False
1783181355.065735,12.820102927627198,0.0,True,False
1783181355.0814774,12.820102927627198,0.0,True,False
1783181355.0983772,12.700238871112695,0.8015487149456302,True,False
1783181355.114943,12.700238871112695,0.0,True,False
1783181355.1312504,12.700238871112695,0.0,True,False
1783181355.1477249,12.700238871112695,0.0,True,False
1783181355.164047,12.519046813163591,-0.9950560306423314,True,False
1783181355.180074,12.519046813163591,0.0,True,False
1783181355.1958,12.519046813163591,0.0,True,False
1783181355.2113812,12.519046813163591,0.0,True,False
1783181355.2277691,12.366243115078824,0.10769003163077236,True,False
1783181355.243611,12.366243115078824,0.0,True,False
1783181355.2601686,12.366243115078824,0.0,True,False
1783181355.2755694,12.366243115078824,0.0,True,False
1783181355.2923002,11.75858595989516,-11.714204112573848,True,False
1783181355.3089075,11.75858595989516,0.0,True,False
1783181355.324407,11.75858595989516,0.0,True,False
1783181355.341111,10.474633541517623,-20.230465513134014,True,False
1783181355.3573263,10.474633541517623,0.0,True,False
1783181355.3731225,10.474633541517623,0.0,True,False
1783181355.3894083,9.53447304544852,14.25913718341341,True,False
1783181355.406281,9.53447304544852,0.0,True,False
1783181355.4218442,9.53447304544852,0.0,True,False
1783181355.4374392,8.360752825854243,-16.95973791492416,True,False
1783181355.4535801,8.360752825854243,0.0,True,False
1783181355.4702306,8.360752825854243,0.0,True,False
1783181355.485477,8.360752825854243,0.0,True,False
1783181355.5022051,7.8007542404062304,25.918355669437293,True,False
1783181355.518347,7.8007542404062304,0.0,True,False
1783181355.5335095,7.8007542404062304,0.0,True,False
1783181355.5500991,7.8007542404062304,0.0,True,False
1783181355.5658164,7.178682095390281,-1.8143637764070122,True,False
1783181355.5815563,7.178682095390281,0.0,True,False
1783181355.5974107,7.178682095390281,0.0,True,False
1783181355.6140392,7.178682095390281,0.0,True,False
1783181355.629772,7.120575320733842,12.43048532757262,True,False
1783181355.6460848,7.120575320733842,0.0,True,False
1783181355.6618907,7.120575320733842,0.0,True,False
1783181355.6774457,7.154437168357531,2.379496511377032,True,False
1783181355.6935983,7.154437168357531,0.0,True,False
1783181355.7100568,7.154437168357531,0.0,True,False
1783181355.7255301,7.154437168357531,0.0,True,False
1783181355.7417824,7.118724414218163,-1.8090957248708135,True,False
1783181355.757641,7.118724414218163,0.0,True,False
1783181355.7739704,7.118724414218163,0.0,True,False
1783181355.7895353,7.163477385444638,2.2078027486400083,True,False
1783181355.8054986,7.163477385444638,0.0,True,False
1783181355.8222983,7.163477385444638,0.0,True,False
1783181355.8388534,7.257105978620933,1.2949384088352098,True,False
1783181355.8553925,7.257105978620933,0.0,True,False
1783181355.8710601,7.257105978620933,0.0,True,False
1783181355.887121,7.257105978620933,0.0,True,False
1783181355.9035676,7.530441358447612,4.436606447006553,True,False
1783181355.919981,7.530441358447612,0.0,True,False
1783181355.9362097,7.530441358447612,0.0,True,False
1783181355.9531143,7.9057363590937895,2.447462584170594,True,False
1783181355.9685662,7.9057363590937895,0.0,True,False
1783181355.9852982,7.9057363590937895,0.0,True,False
1783181356.0012712,7.9057363590937895,0.0,True,False
1783181356.017492,8.153794200884235,-3.812099599033444,True,False
1783181356.0342722,8.153794200884235,0.0,True,False
1783181356.05086,8.153794200884235,0.0,True,False
1783181356.0665562,8.40516159341289,0.7353360678921423,True,False
1783181356.0826159,8.40516159341289,0.0,True,False
1783181356.098419,8.40516159341289,0.0,True,False
1783181356.11501,8.40516159341289,0.0,True,False
1783181356.1309812,8.55306136339243,-2.86476988878089,True,False
1783181356.1473486,8.55306136339243,0.0,True,False
1783181356.1643777,8.55306136339243,0.0,True,False
1783181356.181172,8.711748346433525,0.2402197871181167,True,False
1783181356.1965182,8.711748346433525,0.0,True,False
1783181356.2125092,8.711748346433525,0.0,True,False
1783181356.228443,8.711748346433525,0.0,True,False
1783181356.2448916,8.739927586333637,-3.170169369324203,True,False
1783181356.2613547,8.739927586333637,0.0,True,False
1783181356.2774308,8.739927586333637,0.0,True,False
1783181356.2939792,8.757020870366157,-0.2647782275098358,True,False
1783181356.309806,8.757020870366157,0.0,True,False
1783181356.325896,8.757020870366157,0.0,True,False
1783181356.3422194,8.757020870366157,0.0,True,False
1783181356.3575602,8.767693781832357,-0.17411832610624572,True,False
1783181356.374108,8.767693781832357,0.0,True,False
1783181356.3898401,8.767693781832357,0.0,True,False
1783181356.40586,8.767693781832357,0.0,True,False
1783181356.421729,8.774241444811683,-0.09342415977981224,True,False
1783181356.4382527,8.774241444811683,0.0,True,False
1783181356.4534276,8.774241444811683,0.0,True,False
1783181356.469634,8.80145301779658,0.5314801331944718,True,False
1783181356.4853983,8.80145301779658,0.0,True,False
1783181356.50189,8.80145301779658,0.0,True,False
1783181356.5182402,8.802920754191469,-0.6545581436197193,True,False
1783181356.5342202,8.802920754191469,0.0,True,False
1783181356.5496776,8.802920754191469,0.0,True,False
1783181356.5659418,8.802920754191469,0.0,True,False
1783181356.5816765,8.835196667179618,0.8316315960987558,True,False
1783181356.597724,8.835196667179618,0.0,True,False
1783181356.614426,8.835196667179618,0.0,True,False
1783181356.6312387,8.968478821771471,2.574969710748393,True,False
1783181356.647476,8.968478821771471,0.0,True,False
1783181356.663942,8.968478821771471,0.0,True,False
1783181356.68001,8.968478821771471,0.0,True,False
1783181356.6963978,9.013314921430933,-2.5986730323994753,True,False
1783181356.7134264,9.013314921430933,0.0,True,False
1783181356.7299218,9.013314921430933,0.0,True,False
1783181356.745453,9.013314921430933,0.0,True,False
1783181356.7615888,9.003681115377042,-1.117796019178484,True,False
1783181356.7775652,9.003681115377042,0.0,True,False
1783181356.794152,9.003681115377042,0.0,True,False
1783181356.8099198,9.003681115377042,0.0,True,False
1783181356.8261805,9.005607357035114,0.2682692715896912,True,False
1783181356.8421035,9.005607357035114,0.0,True,False
1783181356.8576334,9.005607357035114,0.0,True,False
1783181356.8741856,9.005607357035114,0.0,True,False
1783181356.889839,8.987320400660204,-0.5354696062922871,True,False
1783181356.9058712,8.987320400660204,0.0,True,False
1783181356.921854,8.987320400660204,0.0,True,False
1783181356.9374409,8.947555135412822,-0.5849197015278085,True,False
1783181356.9541955,8.947555135412822,0.0,True,False
1783181356.969502,8.947555135412822,0.0,True,False
1783181356.986368,8.947555135412822,0.0,True,False
1783181357.003053,8.886893460323863,-0.4078521980241647,True,False
1783181357.0187876,8.886893460323863,0.0,True,False
1783181357.034993,8.886893460323863,0.0,True,False
1783181357.051147,8.917923745699005,2.241278180413964,True,False
1783181357.066605,8.917923745699005,0.0,True,False
1783181357.0829122,8.917923745699005,0.0,True,False
1783181357.0992305,8.917923745699005,0.0,True,False
1783181357.1147606,8.942847987895052,-0.1070659416480682,True,False
1783181357.1304955,8.942847987895052,0.0,True,False
1783181357.1473718,8.942847987895052,0.0,True,False
1783181357.1642816,8.89143824762096,-1.8692360774751093,True,False
1783181357.1794744,8.89143824762096,0.0,True,False
1783181357.1957357,8.89143824762096,0.0,True,False
1783181357.2119107,8.89143824762096,0.0,True,False
1783181357.2278972,8.958760588402832,2.9206628754030266,True,False
1783181357.2440982,8.958760588402832,0.0,True,False
1783181357.2598617,8.958760588402832,0.0,True,False
1783181357.2754095,8.948211070704343,-1.9540982329011478,True,False
1783181357.2920313,8.948211070704343,0.0,True,False
1783181357.3075337,8.948211070704343,0.0,True,False
1783181357.3241608,8.96006856234058,0.5771194003461635,True,False
1783181357.3397753,8.96006856234058,0.0,True,False
1783181357.3564017,8.96006856234058,0.0,True,False
1783181357.3731384,8.96006856234058,0.0,True,False
1783181357.3887525,8.955383495812821,-0.43493631873702726,True,False
1783181357.4046166,8.955383495812821,0.0,True,False
1783181357.4208403,8.955383495812821,0.0,True,False
1783181357.4367685,8.955383495812821,0.0,True,False
1783181357.4531856,8.945137916447433,-0.14707000355190988,True,False
1783181357.4689744,8.945137916447433,0.0,True,False
1783181357.4846807,8.945137916447433,0.0,True,False
1783181357.5008178,8.945137916447433,0.0,True,False
1783181357.517073,8.92268544625092,-0.23642374783114736,True,False
1783181357.5331092,8.92268544625092,0.0,True,False
1783181357.5492706,8.92268544625092,0.0,True,False
1783181357.565608,8.893407352377288,-0.26099382636182605,True,False
1783181357.581736,8.893407352377288,0.0,True,False
1783181357.598287,8.893407352377288,0.0,True,False
1783181357.6148589,8.893407352377288,0.0,True,False
1783181357.630694,8.91613648438983,1.3808650729721685,True,False
1783181357.6469958,8.91613648438983,0.0,True,False
1783181357.6625645,8.91613648438983,0.0,True,False
1783181357.6792603,8.974601750413516,0.7986503778075308,True,False
1783181357.6946585,8.974601750413516,0.0,True,False
1783181357.7108276,8.974601750413516,0.0,True,False
1783181357.726686,8.974601750413516,0.0,True,False
1783181357.7434123,8.935487224930593,-2.2452370183801538,True,False
1783181357.760248,8.935487224930593,0.0,True,False
1783181357.775913,8.935487224930593,0.0,True,False
1783181357.7914736,8.935487224930593,0.0,True,False
1783181357.8081295,9.026699898023265,3.1338278284456296,True,False
1783181357.8238397,9.026699898023265,0.0,True,False
1783181357.840154,9.026699898023265,0.0,True,False
1783181357.8555243,8.950936124648129,-4.53407095523134,True,False
1783181357.8724847,8.950936124648129,0.0,True,False
1783181357.8891265,8.950936124648129,0.0,True,False
1783181357.9044917,8.939551425974495,1.7756114291233107,True,False
1783181357.920928,8.939551425974495,0.0,True,False
1783181357.9369574,8.939551425974495,0.0,True,False
1783181357.953172,8.939551425974495,0.0,True,False
1783181357.9685862,8.810760804527357,-2.8741814232162666,True,False
1783181357.9844809,8.810760804527357,0.0,True,False
1783181358.000708,8.810760804527357,0.0,True,False
1783181358.0170052,8.722184861418425,0.6799201282460539,True,False
1783181358.0325897,8.722184861418425,0.0,True,False
1783181358.048894,8.722184861418425,0.0,True,False
1783181358.065392,8.19638063732604,-16.169352862608015,True,False
1783181358.0811818,8.19638063732604,0.0,True,False
1783181358.0968664,8.19638063732604,0.0,True,False
1783181358.1125088,7.625036319657355,4.234423047068799,True,False
1783181358.1285605,7.625036319657355,0.0,True,False
1783181358.1452515,7.494651970284085,9.591832049016558,True,False
1783181358.1609232,7.494651970284085,0.0,True,False
1783181358.1766572,7.494651970284085,0.0,True,False
1783181358.1929584,7.121945640996327,-8.721868819431995,True,False
1783181358.208836,7.121945640996327,0.0,True,False
1783181358.2252727,7.847003523426434,39.86557689146233,True,False
1783181358.240778,7.847003523426434,0.0,True,False
1783181358.2564151,7.847003523426434,0.0,True,False
1783181358.2728608,7.386264183607676,-42.097707625225645,True,False
1783181358.2891347,7.386264183607676,0.0,True,False
1783181358.3049102,2.9456653884407573,-142.51059273837836,True,False
1783181358.3207836,2.9456653884407573,0.0,True,False
1783181358.3373322,2.9456653884407573,0.0,True,False
1783181358.35434,0.5639019986018013,66.71899489331173,True,False
1783181358.3694468,0.5639019986018013,0.0,True,False
1783181358.385877,0.5639019986018013,0.0,True,False
1783181358.4015865,-0.9329657165218191,36.33531754696373,True,False
1783181358.4181266,-0.9329657165218191,0.0,True,False
1783181358.4344485,-1.2064296856432712,38.65089590186332,True,False
1783181358.451387,-1.2064296856432712,0.0,True,False
1783181358.4671595,-1.2064296856432712,0.0,True,False
1783181358.4825487,-1.0688209558909076,15.196299462750929,True,False
1783181358.4993243,-1.0688209558909076,0.0,True,False
1783181358.515704,-0.3617954490096961,19.12428781384557,True,False
1783181358.5322645,-0.3617954490096961,0.0,True,False
1783181358.5476394,-0.3617954490096961,0.0,True,False
1783181358.5635357,-0.20086659604153992,-18.618713839862266,True,False
1783181358.579757,-0.20086659604153992,0.0,True,False
1783181358.5957036,-0.031084564960492847,0.5750210060470402,True,False
1783181358.611535,-0.031084564960492847,0.0,True,False
1783181358.6282206,-0.031084564960492847,0.0,True,False
1783181358.6436973,0.0907037848894337,-1.984856399043906,True,False
1783181358.6594522,0.0907037848894337,0.0,True,False
1783181358.6759152,0.0907037848894337,0.0,True,False
1783181358.6924808,0.19751083245736448,-0.607421500258751,True,False
1783181358.7074196,0.19751083245736448,0.0,True,False
1783181358.7238884,0.6575903403393041,13.309691410460157,True,False
1783181358.7397401,0.6575903403393041,0.0,True,False
1783181358.7557988,0.6575903403393041,0.0,True,False
1783181358.7716405,0.76481562783569,-13.580161640734948,True,False
1783181358.787692,0.76481562783569,0.0,True,False
1783181358.8036232,1.119441522949234,8.63124000109456,True,False
1783181358.8197024,1.119441522949234,0.0,True,False
1783181358.8355722,1.119441522949234,0.0,True,False
1783181358.8520908,1.7066179104562447,9.174306652125038,True,False
1783181358.867585,1.7066179104562447,0.0,True,False
1783181358.8841712,3.7169400818469316,50.88444988361919,True,False
1783181358.8996174,3.7169400818469316,0.0,True,False
1783181358.9160643,5.140618407254418,-20.843372591080875,True,False
1783181358.9318507,5.140618407254418,0.0,True,False
1783181358.9476266,5.140618407254418,0.0,True,False
1783181358.9646802,6.178001502344647,-14.383360167829252,True,False
1783181358.980753,6.178001502344647,0.0,True,False
1783181358.9966044,6.639295464677224,-21.102253649864636,True,False
1783181359.012758,6.639295464677224,0.0,True,False
1783181359.0286512,6.639295464677224,0.0,True,False
1783181359.0450873,5.951203757290087,-40.09406513578917,True,False
1783181359.0610874,5.951203757290087,0.0,True,False
1783181359.0774522,1.1610187282593334,-149.3357408990131,True,False
1783181359.0943508,1.1610187282593334,0.0,True,False
1783181359.1102536,1.1610187282593334,0.0,True,False
1783181359.1259089,-1.3435786112506871,88.28314105466117,False,True
1783181359.1415868,-1.3435786112506871,0.0,False,True
1783181359.1579306,-1.4385476504088632,85.28118699645772,False,True
1783181359.1736996,-1.4385476504088632,0.0,False,True
1783181359.190379,-1.4385476504088632,0.0,False,True
1783181359.2059252,-1.0281399789989267,17.592572512244427,False,True
1783181359.2218928,-1.0281399789989267,0.0,False,True
1783181359.2377307,-0.8015552505538915,-5.41319345137024,False,True
1783181359.2536604,-0.8015552505538915,0.0,False,True
1783181359.269581,-0.8015552505538915,0.0,False,True
1783181359.2858987,-0.4201230335662509,5.04129421065586,False,True
1783181359.3017213,-0.4201230335662509,0.0,False,True
1783181359.3179834,-0.12688488844851792,-3.514479581708833,False,True
1783181359.333644,-0.12688488844851792,0.0,False,True
1783181359.3495834,-0.12688488844851792,0.0,False,True
1783181359.3659685,-0.20043796505896158,-12.307155154745514,False,True
1783181359.3816566,-0.20043796505896158,0.0,False,True
1783181359.3980603,-0.27600690616928886,-0.12932246856456298,False,True
1783181359.4140403,-0.27600690616928886,0.0,False,True
1783181359.4300494,-0.27600690616928886,0.0,False,True
1783181359.4461062,-0.2416255058394442,4.051932319011017,False,True
1783181359.4622157,-0.2416255058394442,0.0,False,True
1783181359.4780967,-0.17832060635791908,1.0774830599289074,False,True
1783181359.4939125,-0.17832060635791908,0.0,False,True
1783181359.5094666,-0.17832060635791908,0.0,False,True
1783181359.5259418,-0.0928126219788358,0.8555149829554086,False,True
1783181359.5415962,-0.0928126219788358,0.0,False,True
1783181359.5582447,-0.05264860002947967,-1.610378799806693,False,True
1783181359.574191,-0.05264860002947967,0.0,False,True
1783181359.58965,-0.014729045770715585,-0.07288475401104536,False,True
1783181359.6062636,-0.014729045770715585,0.0,False,True
1783181359.6219218,-0.014729045770715585,0.0,False,True
1783181359.6386843,-0.0043951424452813494,-1.0175578438582389,False,True
1783181359.655478,-0.0043951424452813494,0.0,False,True
1783181359.6706753,0.018249562252509056,0.4862634117065371,False,True
1783181359.6872265,0.018249562252509056,0.0,False,True
1783181359.7032661,-0.002358495837151525,-1.6270249592391375,False,True
1783181359.7189426,-0.002358495837151525,0.0,False,True
1783181359.7354248,-0.0369736948847662,-0.5735635269144713,False,True
1783181359.750988,-0.0369736948847662,0.0,False,True
1783181359.767431,-0.0369736948847662,0.0,False,True
1783181359.7839093,-0.012801505230878429,2.2769583238728717,False,True
1783181359.7996895,-0.012801505230878429,0.0,False,True
1783181359.8160462,-0.047180307797192324,-2.2808410196880486,False,True
1783181359.8318815,-0.047180307797192324,0.0,False,True
1783181359.8476155,-0.010372596329601151,2.845718874504597,False,True
1783181359.8636472,-0.010372596329601151,0.0,False,True
1783181359.8796139,-0.010372596329601151,0.0,False,True
1783181359.8956022,0.11017142478908282,3.3079462506007524,False,True
1783181359.9116766,0.11017142478908282,0.0,False,True
1783181359.9281213,0.519636108037347,10.021744104523345,False,True
1783181359.9441793,0.519636108037347,0.0,False,True
1783181359.9604754,0.840119597065878,-1.9771560824154946,False,True
1783181359.9773228,0.840119597065878,0.0,False,True
1783181359.9929814,1.141987512632855,-0.9964696435901766,False,True
1783181360.0086794,1.141987512632855,0.0,False,True
1783181360.0249531,1.141987512632855,0.0,False,True
1783181360.0413966,1.1808838259791916,-10.252441055273135,False,True
1783181360.0567458,1.1808838259791916,0.0,False,True
1783181360.0725365,0.9094097437223152,-11.614299821679467,False,True
1783181360.0892708,0.9094097437223152,0.0,False,True
1783181360.1052022,-0.3333811115100482,-41.393700419306626,False,True
1783181360.1208682,-0.3333811115100482,0.0,False,True
1783181360.1369805,-0.6546621139425279,37.88533873307718,False,True
1783181360.1534398,-0.6546621139425279,0.0,False,True
1783181360.1699865,-0.6546621139425279,0.0,False,True
1783181360.1865487,1.4443879697236415,91.46708107086839,False,True
1783181360.2035594,1.4443879697236415,0.0,False,True
1783181360.220424,3.347197800747791,-8.058732602170076,False,True
1783181360.235919,3.347197800747791,0.0,False,True
1783181360.252294,6.837104766491834,63.01869117599532,False,True
1783181360.268,6.837104766491834,0.0,False,True
1783181360.2835844,8.879941845115502,-56.61931950402929,False,True
1783181360.3001497,8.879941845115502,0.0,False,True
1783181360.3147006,8.879941845115502,0.0,False,True
1783181360.3312948,9.831116858555102,-43.281431824296575,False,True
1783181360.3473656,9.831116858555102,0.0,False,True
1783181360.363277,9.805497714614571,-39.00228150682229,False,True
1783181360.3786623,9.805497714614571,0.0,False,True
1783181360.3954499,9.62773405508521,-5.795650707212134,False,True
1783181360.4123805,9.62773405508521,0.0,False,True
1783181360.4282286,9.397203323836923,-2.016203254204316,False,True
1783181360.4438684,9.397203323836923,0.0,False,True
1783181360.4604294,9.397203323836923,0.0,False,True
1783181360.4771934,9.357619902036696,7.207347211576747,False,True
1783181360.4931157,9.357619902036696,0.0,False,True
1783181360.508729,9.362982984845987,1.8300934998027598,False,True
1783181360.5247953,9.362982984845987,0.0,False,True
1783181360.5411153,9.492569820815309,4.735822016977533,False,True
1783181360.5567431,9.492569820815309,0.0,False,True
1783181360.5734482,9.492569820815309,0.0,False,True
1783181360.590116,9.462121434471062,-5.941745528201879,False,True
1783181360.6060858,9.462121434471062,0.0,False,True
1783181360.6225424,9.510984067603227,2.991501723969858,False,True
1783181360.6382565,9.510984067603227,0.0,False,True
1783181360.6545272,9.55152606414631,-0.2922410908070195,False,True
1783181360.670975,9.55152606414631,0.0,False,True
1783181360.6868389,9.560003865429005,-1.2879204596794551,False,True
1783181360.7026126,9.560003865429005,0.0,False,True
1783181360.7187204,9.538555430837137,-1.1993088857364507,False,True
1783181360.7353227,9.538555430837137,0.0,False,True
1783181360.7505488,9.538555430837137,0.0,False,True
1783181360.7667298,9.150336556625339,-14.312660505791436,False,True
1783181360.7833622,9.150336556625339,0.0,False,True
1783181360.7986891,7.321535709711285,-61.536266058874645,False,True
1783181360.8154433,7.321535709711285,0.0,False,True
1783181360.8318279,5.964838119181375,18.424074233953515,False,True
1783181360.8478634,5.964838119181375,0.0,False,True
1783181360.864365,3.2921563870576707,-49.945379436683695,False,True
1783181360.880461,3.2921563870576707,0.0,False,True
1783181360.8975422,2.379019126117484,65.7396384119667,False,True
1783181360.913905,2.379019126117484,0.0,False,True
1783181360.9299026,2.379019126117484,0.0,False,True
1783181360.945905,0.6782607447537033,-28.68265896185452,False,True
1783181360.962017,0.6782607447537033,0.0,False,True
1783181360.9784167,2.2008995729844054,123.32165166766546,False,True
1783181360.9943295,2.2008995729844054,0.0,False,True
1783181361.0097368,3.319500445982638,-16.95600202937223,False,True
1783181361.0263512,3.319500445982638,0.0,False,True
1783181361.0418923,6.894746541476263,101.53762909077598,False,True
1783181361.0583746,6.894746541476263,0.0,False,True
1783181361.0738237,6.894746541476263,0.0,False,True
1783181361.090467,10.644406480426312,-0.2581313289820781,False,True
1783181361.1065078,10.644406480426312,0.0,False,True
1783181361.12283,11.4502626019542,-109.41513840965072,True,False
1783181361.1393785,11.4502626019542,0.0,True,False
1783181361.154864,11.430831330743983,-32.974916766898694,True,False
1783181361.1715791,11.430831330743983,0.0,True,False
1783181361.1866853,11.430831330743983,0.0,True,False
1783181361.2028782,10.867216658461128,-20.950323185124745,True,False
1783181361.2185485,10.867216658461128,0.0,True,False
1783181361.2348962,9.966709723807583,-13.236027026186909,True,False
1783181361.2507756,9.966709723807583,0.0,True,False
1783181361.2671065,9.708320576455234,25.137445605923475,True,False
1783181361.2826126,9.708320576455234,0.0,True,False
1783181361.299094,9.862464071080998,15.70106120398742,True,False
1783181361.313858,9.862464071080998,0.0,True,False
1783181361.3297217,9.862464071080998,0.0,True,False
1783181361.345667,10.158250622222425,4.838160899322492,True,False
1783181361.361846,10.158250622222425,0.0,True,False
1783181361.37767,10.297673889801036,-5.581707009982197,True,False
1783181361.3936498,10.297673889801036,0.0,True,False
1783181361.4098408,10.380837392593593,-2.1753834088126394,True,False
1783181361.4264264,10.380837392593593,0.0,True,False
1783181361.4430778,10.332183879425655,-5.148886083908826,True,False
1783181361.458609,10.332183879425655,0.0,True,False
1783181361.4751732,10.332183879425655,0.0,True,False
1783181361.49078,10.293542146905335,0.46923784920984923,True,False
1783181361.5065646,10.293542146905335,0.0,True,False
1783181361.5232198,10.224405268297213,-1.2808736868576158,True,False
1783181361.5387573,10.224405268297213,0.0,True,False
1783181361.5551593,10.065277964337652,-3.391183469216595,True,False
1783181361.5714843,10.065277964337652,0.0,True,False
1783181361.5868685,10.012968099000144,4.42944401673094,True,False
1783181361.6027465,10.012968099000144,0.0,True,False
1783181361.6191258,10.012968099000144,0.0,True,False
1783181361.635485,9.605931025771392,-13.824951890994178,True,False
1783181361.651195,9.605931025771392,0.0,True,False
1783181361.6675298,9.514428702045038,12.350821771933441,True,False
1783181361.6843436,9.514428702045038,0.0,True,False
1783181361.6996787,9.528072156108683,4.3010894550528525,True,False
1783181361.7163453,9.528072156108683,0.0,True,False
1783181361.7318397,9.463283933651084,-3.2867680128425723,True,False
1783181361.7485402,9.463283933651084,0.0,True,False
1783181361.764233,9.463283933651084,0.0,True,False
1783181361.7801354,9.489888928851546,3.7099472662453548,True,False
1783181361.796136,9.489888928851546,0.0,True,False
1783181361.8121138,9.530007489939113,0.5975071447822785,True,False
1783181361.8282185,9.530007489939113,0.0,True,False
1783181361.8439405,9.476314315521465,-3.8071349318919463,True,False
1783181361.8595712,9.476314315521465,0.0,True,False
1783181361.8761463,9.50978000420671,3.332363002036466,True,False
1783181361.891615,9.50978000420671,0.0,True,False
1783181361.908293,9.50978000420671,0.0,True,False
1783181361.923805,9.38473665665272,-6.546008026679368,True,False
1783181361.940618,9.38473665665272,0.0,True,False
1783181361.957354,9.245649799451344,-0.47740990316366505,True,False
1783181361.973227,9.245649799451344,0.0,True,False
1783181361.9895895,8.977348885347313,-4.793950004337571,True,False
1783181362.0056822,8.977348885347313,0.0,True,False
1783181362.0223572,8.660033368944566,-1.4456917076570492,True,False
1783181362.037818,8.660033368944566,0.0,True,False
1783181362.0542948,8.660033368944566,0.0,True,False
1783181362.070199,7.629282364148412,-27.70139972311967,True,False
1783181362.0863822,7.629282364148412,0.0,True,False
1783181362.1018217,7.44774675197236,33.54561786111786,True,False
1783181362.118494,7.44774675197236,0.0,True,False
1783181362.1348026,7.153933202232561,-4.519327375555735,True,False
1783181362.151104,7.153933202232561,0.0,True,False
1783181362.1673956,7.153933202232561,0.0,True,False
1783181362.1827736,6.81408078831855,-2.0849781163317056,True,False
1783181362.1991537,6.81408078831855,0.0,True,False
1783181362.215452,6.710133878398006,9.515595374343496,True,False
1783181362.2313464,6.710133878398006,0.0,True,False
1783181362.246981,6.575213833899997,-1.3396584361636168,True,False
1783181362.2629323,6.575213833899997,0.0,True,False
1783181362.2789812,6.3619751155943325,-3.2492156812985407,True,False
1783181362.294767,6.3619751155943325,0.0,True,False
1783181362.3107607,6.3619751155943325,0.0,True,False
1783181362.3272545,6.118476348800403,-0.9108200033994047,True,False
1783181362.34299,6.118476348800403,0.0,True,False
1783181362.3593585,6.255305749493533,14.28441700347342,True,False
1783181362.3751903,6.255305749493533,0.0,True,False
1783181362.3905764,6.483558242125328,4.007114420949149,True,False
1783181362.4072516,6.483558242125328,0.0,True,False
1783181362.4229102,6.483558242125328,0.0,True,False
1783181362.4394,6.370911422140209,-12.001784667868094,True,False
1783181362.455179,6.370911422140209,0.0,True,False
1783181362.4707804,6.370911422140209,0.0,True,False
1783181362.4867358,6.181426653559977,-2.2017107840775316,True,False
1783181362.5026145,6.181426653559977,0.0,True,False
1783181362.519266,6.181426653559977,0.0,True,False
1783181362.5347116,6.181426653559977,0.0,True,False
1783181362.5512216,6.060517646665219,1.87606387323808,True,False
1783181362.566675,6.060517646665219,0.0,True,False
1783181362.5829017,6.060517646665219,0.0,True,False
1783181362.5994291,6.02743902474606,2.5541391171076238,True,False
1783181362.6151013,6.02743902474606,0.0,True,False
1783181362.630685,5.91240356119439,-3.739722645169892,True,False
1783181362.6468463,5.91240356119439,0.0,True,False
1783181362.662547,5.91240356119439,0.0,True,False
1783181362.679371,6.050390265540481,8.228098701452279,True,False
1783181362.6946228,6.050390265540481,0.0,True,False
1783181362.7109811,6.11619291465685,-1.3161620314349145,True,False
1783181362.7269378,6.11619291465685,0.0,True,False
1783181362.7433167,6.11619291465685,0.0,True,False
1783181362.7586114,5.941619308743283,-8.238900334283544,True,False
1783181362.775421,5.941619308743283,0.0,True,False
1783181362.790819,5.941619308743283,0.0,True,False
1783181362.8072524,5.862273219459205,2.8029179615019344,True,False
1783181362.8228953,5.862273219459205,0.0,True,False
1783181362.839523,5.862273219459205,0.0,True,False
1783181362.8555698,5.756250696477569,-0.8511672435237408,True,False
1783181362.8706899,5.756250696477569,0.0,True,False
1783181362.8874629,5.756250696477569,0.0,True,False
1783181362.904238,5.699179130588145,1.373327998428184,True,False
1783181362.9197395,5.699179130588145,0.0,True,False
1783181362.9361672,5.699179130588145,0.0,True,False
1783181362.9524188,5.567640075325444,-2.077149273826126,True,False
1783181362.968054,5.567640075325444,0.0,True,False
1783181362.9844623,5.459204230023715,-0.5359757961336326,True,False
1783181363.0000713,5.459204230023715,0.0,True,False
1783181363.0165708,5.459204230023715,0.0,True,False
1783181363.0320487,5.457353323508036,4.457953298143314,True,False
1783181363.0476425,5.457353323508036,0.0,True,False
1783181363.0637498,5.457353323508036,0.0,True,False
1783181363.0805657,5.509042323361688,1.496099932219971,True,False
1783181363.0975204,5.509042323361688,0.0,True,False
1783181363.1143363,5.509042323361688,0.0,True,False
1783181363.13011,5.509042323361688,0.0,True,False
1783181363.1464472,5.487409447559136,-2.0781166297630453,True,False
1783181363.1617582,5.487409447559136,0.0,True,False
1783181363.1785839,5.487409447559136,0.0,True,False
1783181363.1953692,5.76849525487989,8.46347457290927,True,False
1783181363.2111924,5.76849525487989,0.0,True,False
1783181363.2268987,5.796178321945624,-7.281269479729816,True,False
1783181363.2428443,5.796178321945624,0.0,True,False
1783181363.2594192,5.749832921674781,-2.9298610166893293,True,False
1783181363.2751126,5.749832921674781,0.0,True,False
1783181363.2914522,5.641094436921718,-2.535146160634864,True,False
1783181363.307266,5.641094436921718,0.0,True,False
1783181363.323294,5.63210227845993,4.151362986484675,True,False
1783181363.3386648,5.63210227845993,0.0,True,False
1783181363.354672,5.63210227845993,0.0,True,False
1783181363.3714926,5.561295037901519,-2.3267760197080913,True,False
1783181363.3875337,5.561295037901519,0.0,True,False
1783181363.4038994,5.646153581397908,6.088292873403811,True,False
1783181363.4199538,5.646153581397908,0.0,True,False
1783181363.4362252,5.7552843284441195,1.068814480432381,True,False
1783181363.452052,5.7552843284441195,0.0,True,False
1783181363.4682808,5.835859159878256,-1.2831127421108834,True,False
1783181363.4838343,5.835859159878256,0.0,True,False
1783181363.5003216,5.818997076799977,-3.764160917861617,True,False
1783181363.515954,5.818997076799977,0.0,True,False
1783181363.5323617,5.818997076799977,0.0,True,False
1783181363.5480278,5.823495104353518,0.8746965311614625,True,False
1783181363.5639129,5.823495104353518,0.0,True,False
1783181363.580697,5.904723273315645,2.9223709394224673,True,False
1783181363.597221,5.904723273315645,0.0,True,False
1783181363.6130621,5.914120682888234,-2.881445675989032,True,False
1783181363.6294649,5.914120682888234,0.0,True,False
1783181363.6453211,6.015476323686827,3.7136552995213354,True,False
1783181363.6609955,6.015476323686827,0.0,True,False
1783181363.6776075,6.015476323686827,0.0,True,False
1783181363.694205,6.075613250542569,-1.6202093839101346,True,False
1783181363.7098303,6.075613250542569,0.0,True,False
1783181363.7265892,6.121227380379497,-0.591755441142505,True,False
1783181363.7424316,6.121227380379497,0.0,True,False
1783181363.7578654,6.274118752983426,4.604761928115203,True,False
1783181363.7736335,6.274118752983426,0.0,True,False
1783181363.7900999,6.387057821365758,-1.5812343170986636,True,False
1783181363.8057582,6.387057821365758,0.0,True,False
1783181363.8222704,6.387057821365758,0.0,True,False
1783181363.8382561,6.642117934753415,5.374189614217299,True,False
1783181363.8545353,6.642117934753415,0.0,True,False
1783181363.871566,6.907372971117609,0.6388991287893906,True,False
1783181363.8873763,6.907372971117609,0.0,True,False
1783181363.903554,7.1767454626780856,-0.055407514103340466,True,False
1783181363.9189303,7.1767454626780856,0.0,True,False
1783181363.9351192,7.519968474773281,3.2586383184893517,True,False
1783181363.951561,7.519968474773281,0.0,True,False
1783181363.9679966,7.940851627621079,2.890657494640969,True,False
1783181363.9835944,7.940851627621079,0.0,True,False
1783181364.0000112,7.940851627621079,0.0,True,False
1783181364.0165462,8.420726093607545,1.768855384960587,True,False
1783181364.0321987,8.420726093607545,0.0,True,False
1783181364.0485153,9.107639715233475,8.602493826122673,True,False
1783181364.0645614,9.107639715233475,0.0,True,False
1783181364.0801427,9.631095561094035,-7.116883102006947,True,False
1783181364.0962071,9.631095561094035,0.0,True,False
1783181364.112146,9.991198840612226,-5.952315997811395,True,False
1783181364.1278026,9.991198840612226,0.0,True,False
1783181364.1444378,9.991198840612226,0.0,True,False
1783181364.1599977,9.991198840612226,0.0,True,False
1783181364.1764991,10.2630482996993,-6.443921762196757,True,False
1783181364.192104,10.2630482996993,0.0,True,False
1783181364.2085123,10.2630482996993,0.0,True,False
1783181364.2241182,10.452577230259553,-2.4403061447708336,True,False
1783181364.2404013,10.452577230259553,0.0,True,False
1783181364.25578,10.366999106265139,-9.310784259923086,True,False
1783181364.2715826,10.366999106265139,0.0,True,False
1783181364.2887435,9.865265759048944,-15.504362311294186,True,False
1783181364.3057609,9.865265759048944,0.0,True,False
1783181364.3223722,7.1990355726539255,-80.42423066709799,True,False
1783181364.3386385,7.1990355726539255,0.0,True,False
1783181364.355432,5.8079591795577015,46.23675995312199,True,False
1783181364.3715723,5.8079591795577015,0.0,True,False
1783181364.386754,5.8079591795577015,0.0,True,False
1783181364.4030867,1.7552558370429983,-100.88303605241717,True,False
1783181364.4188883,1.7552558370429983,0.0,True,False
1783181364.4351485,-0.8309385538505196,51.32154431120383,True,False
1783181364.450909,-0.8309385538505196,0.0,True,False
1783181364.4672556,-1.6189883052566918,72.44198850855518,True,False
1783181364.483142,-1.6189883052566918,0.0,True,False
1783181364.499424,-1.9685251816134421,17.96512995432064,True,False
1783181364.5154443,-1.9685251816134421,0.0,True,False
1783181364.5307992,-1.9685251816134421,0.0,True,False
1783181364.5466912,-2.4685479015446217,-5.661383675673008,True,False
1783181364.5630333,-2.4685479015446217,0.0,True,False
1783181364.5790524,-2.615292965634731,14.016049947820427,True,False
1783181364.595204,-2.615292965634731,0.0,True,False
1783181364.610851,-2.447170905449851,12.815178165702251,True,False
1783181364.626599,-2.447170905449851,0.0,True,False
1783181364.643118,-2.3605276984078176,-3.18928701456289,True,False
1783181364.658884,-2.3605276984078176,0.0,True,False
1783181364.6754887,-2.3605276984078176,0.0,True,False
1783181364.6911786,-2.2443375289667173,0.9843845421124716,True,False
1783181364.70722,-2.2443375289667173,0.0,True,False
1783181364.7236485,-2.0420600738791705,3.335745041562733,True,False
1783181364.7406175,-2.0420600738791705,0.0,True,False
1783181364.7561839,-1.5211669217417216,13.290172059646126,True,False
1783181364.772029,-1.5211669217417216,0.0,True,False
1783181364.7876124,-0.6145266673920103,16.43669816752278,True,False
1783181364.8041844,-0.6145266673920103,0.0,True,False
1783181364.820279,-0.6145266673920103,0.0,True,False
1783181364.8365314,2.6100525246089763,85.96706034925883,False,True
1783181364.851584,2.6100525246089763,0.0,False,True
1783181364.8678803,3.2530574481559333,-96.8066911317976,True,False
1783181364.883717,3.2530574481559333,0.0,True,False
1783181364.9000623,6.2776971722470725,93.30197127430536,False,True
1783181364.9165576,6.2776971722470725,0.0,False,True
1783181364.9320555,7.594326858078266,-68.98278814823415,False,True
1783181364.9480577,7.594326858078266,0.0,False,True
1783181364.964729,7.594326858078266,0.0,False,True
1783181364.9816356,10.051920264262392,39.41448560029048,False,True
1783181364.9971583,10.051920264262392,0.0,False,True
1783181365.0129948,11.330417379225297,-44.630804178762354,False,True
1783181365.029366,11.330417379225297,0.0,False,True
1783181365.0453548,12.227601774322977,-15.687071808208435,False,True
1783181365.0614042,12.227601774322977,0.0,False,True
1783181365.0779383,12.558965346459289,-22.024045939964893,False,True
1783181365.09386,12.558965346459289,0.0,False,True
1783181365.1103582,12.558965346459289,0.0,False,True
1783181365.125873,12.492629506378227,-16.418219584737496,False,True
1783181365.1423826,12.492629506378227,0.0,False,True
1783181365.1577747,12.316575175252117,-4.783222536157885,False,True
1783181365.174513,12.316575175252117,0.0,False,True
1783181365.1898177,12.316575175252117,0.0,False,True
1783181365.2062724,12.121884488556207,1.3157782083775826,False,True
1783181365.222291,12.121884488556207,0.0,False,True
1783181365.2381213,12.005832000582238,1.12734926382112,False,True
1783181365.2545948,12.005832000582238,0.0,False,True
1783181365.2716188,11.930051341744152,1.5968404787038302,False,True
1783181365.2888143,11.930051341744152,0.0,False,True
1783181365.3050034,11.873197987991315,0.6477719292405387,False,True
1783181365.320725,11.873197987991315,0.0,False,True
1783181365.3370488,11.873197987991315,0.0,False,True
1783181365.353693,11.78924216732187,-0.9284041534212999,False,True
1783181365.3699408,11.78924216732187,0.0,False,True
1783181365.3865948,11.546142157229916,-6.179788548031934,False,True
1783181365.4020422,11.546142157229916,0.0,False,True
1783181365.4184873,10.483407487842825,-32.13669467407458,False,True
1783181365.4342124,10.483407487842825,0.0,False,True
1783181365.4505084,7.321931868649728,-81.06545708636693,True,False
1783181365.4659042,7.321931868649728,0.0,True,False
1783181365.4823158,5.2013917861752,41.43269112608077,True,False
1783181365.4982884,5.2013917861752,0.0,True,False
1783181365.5138044,5.2013917861752,0.0,True,False
1783181365.5296924,5.580493809275732,98.35876288535202,False,True
1783181365.546288,5.580493809275732,0.0,False,True
1783181365.5623276,7.171484991528261,49.36591280934162,False,True
1783181365.5785291,7.171484991528261,0.0,False,True
1783181365.5940359,11.426191725078015,111.1160912521085,False,True
1783181365.60971,11.426191725078015,0.0,False,True
1783181365.6265645,12.807146582017445,-113.3708616732984,True,False
1783181365.6423616,12.807146582017445,0.0,True,False
1783181365.657929,12.807146582017445,0.0,True,False
1783181365.6744142,13.602035595359272,-21.08709864511486,True,False
1783181365.6900606,13.602035595359272,0.0,True,False
1783181365.7060068,13.746908970825457,-25.858008928413447,True,False
1783181365.7218926,13.746908970825457,0.0,True,False
1783181365.7382228,13.635990313029186,-9.885099083632335,True,False
1783181365.7536547,13.635990313029186,0.0,True,False
1783181365.7696714,13.635990313029186,0.0,True,False
1783181365.786026,13.428285480484963,-3.771605435986399,True,False
1783181365.80177,13.428285480484963,0.0,True,False
1783181365.818211,13.147384114374892,-2.8697034485229462,True,False
1783181365.8341165,13.147384114374892,0.0,True,False
1783181365.850602,12.99365301470964,4.738886372065312,True,False
1783181365.867178,12.99365301470964,0.0,True,False
1783181365.883632,12.84442773588852,0.2521321210151099,True,False
1783181365.900232,12.84442773588852,0.0,True,False
1783181365.9165528,12.84442773588852,0.0,True,False
1783181365.932994,12.859681803341248,6.320647143056707,True,False
1783181365.9493124,12.859681803341248,0.0,True,False
1783181365.9655921,12.86098393231105,-0.5468643516190623,True,False
1783181365.9807837,12.86098393231105,0.0,True,False
1783181365.9977531,12.77771586953638,-3.1769136004568597,True,False
1783181366.0129695,12.77771586953638,0.0,True,False
1783181366.0289245,12.652351698186338,-1.6775771362289449,True,False
1783181366.0456865,12.652351698186338,0.0,True,False
1783181366.0618248,12.536478455895992,0.2912144762191023,True,False
1783181366.078389,12.536478455895992,0.0,True,False
1783181366.0941288,12.536478455895992,0.0,True,False
1783181366.1105418,12.395153625412851,-0.8857795544012724,True,False
1783181366.1262465,12.395153625412851,0.0,True,False
1783181366.141681,12.395153625412851,0.0,True,False
1783181366.158377,12.368822694264887,4.632958374656606,True,False
1783181366.174202,12.368822694264887,0.0,True,False
1783181366.1905923,12.368822694264887,0.0,True,False
1783181366.2069645,12.327981954915764,-0.4219579631779481,True,False
1783181366.2230628,12.327981954915764,0.0,True,False
1783181366.2394211,12.327981954915764,0.0,True,False
1783181366.2548044,12.281188440435862,-0.1748232509615851,True,False
1783181366.2715008,12.281188440435862,0.0,True,False
1783181366.287452,12.241464739404973,-0.24620419529509607,True,False
1783181366.3029432,12.241464739404973,0.0,True,False
1783181366.3192236,12.241464739404973,0.0,True,False
1783181366.3356087,12.2819301019239,2.744008761505199,True,False
1783181366.3507102,12.2819301019239,0.0,True,False
1783181366.367202,12.2819301019239,0.0,True,False
1783181366.3834956,12.262423495571289,-1.7119811952296293,True,False
1783181366.399212,12.262423495571289,0.0,True,False
1783181366.4155865,12.262423495571289,0.0,True,False
1783181366.431887,12.226774386638423,-0.49400002941682775,True,False
1783181366.4477217,12.226774386638423,0.0,True,False
1783181366.4644768,12.178658610521357,-0.8017905321956991,True,False
1783181366.480671,12.178658610521357,0.0,True,False
1783181366.4975424,12.103115647046337,-1.0565182914031417,True,False
1783181366.5136504,12.103115647046337,0.0,True,False
1783181366.5304792,12.103115647046337,0.0,True,False
1783181366.5465083,11.959129407825914,-2.8107695295063975,True,False
1783181366.5616894,11.959129407825914,0.0,True,False
1783181366.5781844,11.194151693218345,-23.635407247367542,True,False
1783181366.5940027,11.194151693218345,0.0,True,False
1783181366.610265,10.268102248648427,-4.922742605415134,True,False
1783181366.6258137,10.268102248648427,0.0,True,False
1783181366.6421266,10.268102248648427,0.0,True,False
1783181366.658454,9.637726352506347,9.903742266116529,True,False
1783181366.6741147,9.637726352506347,0.0,True,False
1783181366.6908126,9.118185336286668,4.378761152435825,True,False
1783181366.7069914,9.118185336286668,0.0,True,False
1783181366.7237825,7.9462471824745045,-25.72102779855306,True,False
1783181366.7405946,7.9462471824745045,0.0,True,False
1783181366.7562,7.470627853151452,28.859725546728395,True,False
1783181366.7725396,7.470627853151452,0.0,True,False
1783181366.7877216,6.793541570962455,-9.346344101846903,True,False
1783181366.8039186,6.793541570962455,0.0,True,False
1783181366.8198726,6.793541570962455,0.0,True,False
1783181366.8363671,5.298723491264618,-29.599699793036702,True,False
1783181366.852121,5.298723491264618,0.0,True,False
1783181366.8684032,5.037388480068368,47.65752002259916,True,False
1783181366.884376,5.037388480068368,0.0,True,False
1783181366.90021,3.757298936061096,-40.65975644881244,True,False
1783181366.9161258,3.757298936061096,0.0,True,False
1783181366.9319668,3.7143436171979194,49.457877173816534,True,False
1783181366.947859,3.7143436171979194,0.0,True,False
1783181366.9637814,3.7143436171979194,0.0,True,False
1783181366.9806576,3.5069914310529975,-6.381897724867327,True,False
1783181366.9959521,3.5069914310529975,0.0,True,False
1783181367.0127091,3.3111720161029643,0.5660048270555637,True,False
1783181367.0278845,3.3111720161029643,0.0,True,False
1783181367.0442173,3.0793891628328427,-1.6167715288363684,True,False
1783181367.0599437,3.0793891628328427,0.0,True,False
1783181367.0774806,3.0828286017475923,8.688605257002724,True,False
1783181367.0930438,3.0828286017475923,0.0,True,False
1783181367.108744,3.0474184870595598,-1.6175100510003515,True,False
1783181367.1251678,3.0474184870595598,0.0,True,False
1783181367.141696,3.0474184870595598,0.0,True,False
1783181367.158173,3.006433571834478,-0.1850331698006684,True,False
1783181367.173805,3.006433571834478,0.0,True,False
1783181367.1904645,2.9655110029341345,-0.028847348068508062,True,False
1783181367.206395,2.9655110029341345,0.0,True,False
1783181367.2220407,2.899232963091634,-0.9629679071538695,True,False
1783181367.2377653,2.899232963091634,0.0,True,False
1783181367.254201,2.8025623888207987,-1.204501730576369,True,False
1783181367.2703366,2.8025623888207987,0.0,True,False
1783181367.2865298,2.8025623888207987,0.0,True,False
1783181367.3022532,2.704846214728825,0.06731967677012284,True,False
1783181367.3180213,2.704846214728825,0.0,True,False
1783181367.3344119,2.7208822090043165,4.321476507705626,True,False
1783181367.3501997,2.7208822090043165,0.0,True,False
1783181367.3663304,2.7208822090043165,0.0,True,False
1783181367.382651,2.6431908950893437,-2.9131085687573526,True,False
1783181367.3983788,2.6431908950893437,0.0,True,False
1783181367.4148526,2.6431908950893437,0.0,True,False
1783181367.431649,2.644627458321864,2.2654703925890955,True,False
1783181367.44775,2.644627458321864,0.0,True,False
1783181367.4644434,2.644627458321864,0.0,True,False
1783181367.4803994,2.7278701929021087,2.4025444407239736,True,False
1783181367.496644,2.7278701929021087,0.0,True,False
1783181367.5117667,2.7278701929021087,0.0,True,False
1783181367.52824,2.796862895634272,-0.3986037887645847,True,False
1783181367.5446053,2.796862895634272,0.0,True,False
1783181367.5603163,2.796862895634272,0.0,True,False
1783181367.5760818,2.866025751877701,-0.11808847362309957,True,False
1783181367.5918338,2.866025751877701,0.0,True,False
1783181367.607986,2.866025751877701,0.0,True,False
1783181367.6241767,2.8672194242200937,-1.8560827584614148,True,False
1783181367.639721,2.8672194242200937,0.0,True,False
1783181367.6567369,2.8672194242200937,0.0,True,False
1783181367.6722965,3.001918658817986,4.0778497272388465,True,False
1783181367.688205,3.001918658817986,0.0,True,False
1783181367.7043946,3.1074411123199472,0.3376041206100094,True,False
1783181367.7205896,3.1074411123199472,0.0,True,False
1783181367.7362516,3.1074411123199472,0.0,True,False
1783181367.7528465,3.31454780981121,4.0034057211856275,True,False
1783181367.7696927,3.31454780981121,0.0,True,False
1783181367.7850833,3.423562956380302,-4.284818304470114,True,False
1783181367.8010583,3.423562956380302,0.0,True,False
1783181367.8173747,3.1703654394442133,-14.01391535330808,True,False
1783181367.8332806,3.1703654394442133,0.0,True,False
1783181367.8497849,2.942037611670026,1.0100202021163085,True,False
1783181367.865564,2.942037611670026,0.0,True,False
1783181367.8809226,2.942037611670026,0.0,True,False
1783181367.896866,2.651766112504441,-2.828625827731993,True,False
1783181367.9128573,2.651766112504441,0.0,True,False
1783181367.9288654,2.651766112504441,0.0,True,False
1783181367.9448829,2.2599298525760356,0.18419881346021189,True,False
1783181367.9617245,2.2599298525760356,0.0,True,False
1783181367.978481,1.8800355115986154,0.11927932318284158,True,False
1783181367.994391,1.8800355115986154,0.0,True,False
1783181368.0099716,1.8800355115986154,0.0,True,False
1783181368.026405,0.8502093106194191,-29.16607059903704,True,False
1783181368.0424318,0.8502093106194191,0.0,True,False
1783181368.0577588,0.8502093106194191,0.0,True,False
1783181368.074434,0.3290174156759309,24.807278717586314,True,False
1783181368.089894,0.3290174156759309,0.0,True,False
1783181368.1066186,0.3290174156759309,0.0,True,False
1783181368.1220973,-0.24684960829983843,-1.3715526974363652,True,False
1783181368.1385515,-0.24684960829983843,0.0,True,False
1783181368.1544478,-0.24684960829983843,0.0,True,False
1783181368.170294,-0.24684960829983843,0.0,True,False
1783181368.1858032,-0.9240294099759434,0.8716290162104958,True,False
1783181368.20244,-0.9240294099759434,0.0,True,False
1783181368.2187433,-2.05915855343875,-28.91173142299737,True,False
1783181368.235512,-2.05915855343875,0.0,True,False
1783181368.2518113,-2.5136035122224327,27.399562990420133,True,False
1783181368.268626,-2.5136035122224327,0.0,True,False
1783181368.283894,-3.107779573563124,-6.0856804542500855,True,False
1783181368.3003154,-3.107779573563124,0.0,True,False
1783181368.3156,-3.107779573563124,0.0,True,False
1783181368.331174,-2.4896027749615763,49.15021808734381,True,False
1783181368.3471243,-2.4896027749615763,0.0,True,False
1783181368.3627603,-2.4896027749615763,0.0,True,False
1783181368.379635,-1.004599045883018,19.268941921822186,True,False
1783181368.3957617,-1.004599045883018,0.0,True,False
1783181368.4125404,-1.004599045883018,0.0,True,False
1783181368.4283955,0.6503269935072492,4.684755622340828,True,False
1783181368.4441414,0.6503269935072492,0.0,True,False
1783181368.460617,2.4443814543153852,21.846565885033108,True,False
1783181368.4764268,2.4443814543153852,0.0,True,False
1783181368.4926236,4.65835269993787,19.090318474121037,True,False
1783181368.5086029,4.65835269993787,0.0,True,False
1783181368.5240254,4.9582683962114675,-81.98692988003491,True,False
1783181368.5405896,4.9582683962114675,0.0,True,False
1783181368.5562572,4.861740698934824,-16.392659137342257,True,False
1783181368.5721006,4.861740698934824,0.0,True,False
1783181368.5886974,4.861740698934824,0.0,True,False
1783181368.6043863,3.6708713433921174,-44.9614722138084,True,False
1783181368.6205873,3.6708713433921174,0.0,True,False
1783181368.6363657,2.7884448429127864,13.926801719818712,True,False
1783181368.65178,2.7884448429127864,0.0,True,False
1783181368.6681051,1.8386830128339284,-4.472117568571045,True,False
1783181368.6845007,1.8386830128339284,0.0,True,False
1783181368.7000315,1.3716272109900849,21.157269962054553,True,False
1783181368.7164283,1.3716272109900849,0.0,True,False
1783181368.731814,1.3716272109900849,0.0,True,False
1783181368.748217,1.309104238331324,16.063086267796983,True,False
1783181368.7642083,1.309104238331324,0.0,True,False
1783181368.7800546,1.309104238331324,0.0,True,False
1783181368.7959652,1.309104238331324,0.0,True,False
1783181368.8128178,1.0271585712818823,-6.1846368679656845,True,False
1783181368.8297112,1.0271585712818823,0.0,True,False
1783181368.8459115,1.0271585712818823,0.0,True,False
1783181368.8618457,1.0899387225301902,10.14117925898694,True,False
1783181368.8785574,1.0899387225301902,0.0,True,False
1783181368.894274,1.0899387225301902,0.0,True,False
1783181368.9105265,1.1834218409487616,0.8799611574003221,True,False
1783181368.926476,1.1834218409487616,0.0,True,False
1783181368.9419854,1.1834218409487616,0.0,True,False
1783181368.9585395,1.1910099082221635,-2.4118276103620677,True,False
1783181368.9744558,1.1910099082221635,0.0,True,False
1783181368.9902148,1.1910099082221635,0.0,True,False
1783181369.0060294,1.1520798239499268,-1.3570899736652184,True,False
1783181369.0222123,1.1520798239499268,0.0,True,False
1783181369.0383751,1.1520798239499268,0.0,True,False
1783181369.0543716,1.1302897834537624,0.47540676586931385,True,False
1783181369.0697901,1.1302897834537624,0.0,True,False
1783181369.0861292,1.1302897834537624,0.0,True,False
1783181369.1027598,0.994819013087229,-3.149662878012097,True,False
1783181369.117813,0.994819013087229,0.0,True,False
1783181369.134116,0.994819013087229,0.0,True,False
1783181369.1503167,1.024893321483044,4.732214994206237,True,False
1783181369.166116,1.024893321483044,0.0,True,False
1783181369.1824894,1.024893321483044,0.0,True,False
1783181369.1988444,1.0000171379123155,-1.5800470728527123,True,False
1783181369.2157972,1.0000171379123155,0.0,True,False
1783181369.2322407,1.0000171379123155,0.0,True,False
1783181369.2486968,0.9709507617664421,-0.09940715303302522,True,False
1783181369.2645733,0.9709507617664421,0.0,True,False
1783181369.280434,1.0670342414793221,4.61906987556331,True,False
1783181369.2964194,1.0670342414793221,0.0,True,False
1783181369.3123968,1.0670342414793221,0.0,True,False
1783181369.3281848,1.1562726142886024,-0.2538657963856459,True,False
1783181369.3441234,1.1562726142886024,0.0,True,False
1783181369.360457,1.2290177864409741,-0.6085749823388059,True,False
1783181369.3764682,1.2290177864409741,0.0,True,False
1783181369.3919106,1.4271907751498922,5.301025685848358,True,False
1783181369.408675,1.4271907751498922,0.0,True,False
1783181369.4250576,1.4271907751498922,0.0,True,False
1783181369.4414728,1.6428077459679833,-1.6962242835511236,True,False
1783181369.4570932,1.6428077459679833,0.0,True,False
1783181369.4736776,1.6428077459679833,0.0,True,False
1783181369.4903839,2.0786994776148506,6.325284242924681,True,False
1783181369.5062766,2.0786994776148506,0.0,True,False
1783181369.521801,2.0786994776148506,0.0,True,False
1783181369.5386908,2.4819853803051597,-0.7705685949875071,True,False
1783181369.5539763,2.4819853803051597,0.0,True,False
1783181369.56998,2.4819853803051597,0.0,True,False
1783181369.5864177,2.7035720117169784,-5.552995991429389,True,False
1783181369.6019416,2.7035720117169784,0.0,True,False
1783181369.6182926,2.9303489746632914,2.9264920876172056,True,False
1783181369.6339014,2.9303489746632914,0.0,True,False
1783181369.6503482,2.9303489746632914,0.0,True,False
1783181369.6665056,3.2601649291761414,0.3987151678093427,True,False
1783181369.6821532,3.2601649291761414,0.0,True,False
1783181369.6985676,3.2601649291761414,0.0,True,False
1783181369.7138484,3.2601649291761414,0.0,True,False
1783181369.7307963,3.600875903937074,0.29204414549678037,True,False
1783181369.7466562,3.600875903937074,0.0,True,False
1783181369.7627716,3.600875903937074,0.0,True,False
1783181369.7788444,3.8023220746947723,-4.190199666502823,True,False
1783181369.7948358,3.8023220746947723,0.0,True,False
1783181369.8111796,4.288290893924444,13.284443873861768,True,False
1783181369.8273287,4.288290893924444,0.0,True,False
1783181369.8437812,4.288290893924444,0.0,True,False
1783181369.8606443,4.944715863871399,-0.48094075514662876,True,False
1783181369.8766065,4.944715863871399,0.0,True,False
1783181369.892192,4.944715863871399,0.0,True,False
1783181369.9086483,5.838990763814608,7.333749594380035,True,False
1783181369.9244614,5.838990763814608,0.0,True,False
1783181369.9398594,5.838990763814608,0.0,True,False
1783181369.9564667,7.102077945512939,11.14174444310001,True,False
1783181369.972678,7.102077945512939,0.0,True,False
1783181369.9882567,7.102077945512939,0.0,True,False
1783181370.0044115,7.236319973729414,-33.619654258334315,True,False
1783181370.0198207,7.236319973729414,0.0,True,False
1783181370.0360773,6.863863029740611,-18.969851278370317,True,False
1783181370.0527594,6.863863029740611,0.0,True,False
1783181370.0691385,2.8532057888533124,-146.11808547295038,True,False
1783181370.0857515,2.8532057888533124,0.0,True,False
1783181370.1022766,-0.7300673959504163,15.89177467652374,True,False
1783181370.118211,-0.7300673959504163,0.0,True,False
1783181370.134519,-0.7300673959504163,0.0,True,False
1783181370.150883,-5.603079517396491,4.733116805857939,True,False
1783181370.167346,-5.603079517396491,0.0,True,False
1783181370.1836913,-5.603079517396491,0.0,True,False
1783181370.1989925,-6.491426320962464,115.10866024630373,False,True
1783181370.21561,-6.491426320962464,0.0,False,True
1783181370.2310345,-6.50620759545259,34.3980837294665,False,True
1783181370.247533,-6.50620759545259,0.0,False,True
1783181370.2633505,-6.443469008420775,3.1002176099018084,False,True
1783181370.2795658,-6.443469008420775,0.0,False,True
1783181370.2955494,-6.443469008420775,0.0,False,True
1783181370.311107,-6.3053225416175405,3.09718602018748,False,True
1783181370.3268456,-6.3053225416175405,0.0,False,True
1783181370.3432264,-5.958905579261255,8.157578504306322,False,True
1783181370.359195,-5.958905579261255,0.0,False,True
1783181370.375659,-5.898167270148138,-11.026183923918955,False,True
1783181370.3916268,-5.898167270148138,0.0,False,True
1783181370.4071572,-5.850867191779734,-0.623975761976886,False,True
1783181370.4238553,-5.850867191779734,0.0,False,True
1783181370.440871,-5.961053929701207,-5.898199583184037,False,True
1783181370.457136,-5.961053929701207,0.0,False,True
1783181370.47388,-5.961053929701207,0.0,False,True
1783181370.4908242,-5.954889436842672,4.385431609214569,False,True
1783181370.5060651,-5.954889436842672,0.0,False,True
1783181370.5227692,-5.89506813825592,2.011267771271147,False,True
1783181370.5388162,-5.89506813825592,0.0,False,True
1783181370.5538838,-5.7753865746294535,2.415988789410104,False,True
1783181370.5700061,-5.7753865746294535,0.0,False,True
1783181370.5867496,-5.025009589946622,24.895977330796757,False,True
1783181370.602528,-5.025009589946622,0.0,False,True
1783181370.618,-5.025009589946622,0.0,False,True
1783181370.6343873,-3.693079076919148,19.715147674366325,False,True
1783181370.650031,-3.693079076919148,0.0,False,True
1783181370.6663842,-2.1394995861551163,9.919910247031256,False,True
1783181370.6819942,-2.1394995861551163,0.0,False,True
1783181370.6984599,2.14041714357907,108.63769092724897,False,True
1783181370.7143874,2.14041714357907,0.0,False,True
1783181370.7301128,5.277463394528732,-44.3962209733522,False,True
1783181370.746556,5.277463394528732,0.0,False,True
1783181370.7625418,5.277463394528732,0.0,False,True
1783181370.778032,6.402589849516279,-89.53806098402131,True,False
1783181370.7939215,6.402589849516279,0.0,True,False
1783181370.8104515,6.512902578968994,-37.03886341816436,True,False
1783181370.826387,6.512902578968994,0.0,True,False
1783181370.8426704,6.347778337898632,-10.679880415873853,True,False
1783181370.858316,6.347778337898632,0.0,True,False
1783181370.8739996,6.347778337898632,0.0,True,False
1783181370.8905208,6.2010865279609035,0.8852257729634389,True,False
1783181370.906137,6.2010865279609035,0.0,True,False
1783181370.9231534,6.113852329715619,2.020099598240017,True,False
1783181370.9394777,6.113852329715619,0.0,True,False
1783181370.9559517,6.130926130521656,4.036994654857824,True,False
1783181370.9721358,6.130926130521656,0.0,True,False
1783181370.987944,6.091441423735598,-2.2910469766918755,True,False
1783181371.003991,6.091441423735598,0.0,True,False
1783181371.0199306,6.036203878898903,-0.5440789850441801,True,False
1783181371.0363193,6.036203878898903,0.0,True,False
1783181371.0521543,6.036203878898903,0.0,True,False
1783181371.0685127,5.832744441404853,-5.628556654596464,True,False
1783181371.0843518,5.832744441404853,0.0,True,False
1783181371.1005626,5.489660409658555,-5.933854662197941,True,False
1783181371.1164544,5.489660409658555,0.0,True,False
1783181371.132703,5.3368235900887715,7.640728158310634,True,False
1783181371.1483603,5.3368235900887715,0.0,True,False
1783181371.1640103,5.3368235900887715,0.0,True,False
1783181371.179889,5.033777588760587,-5.83061538825638,True,False
1783181371.1967955,5.033777588760587,0.0,True,False
1783181371.213883,4.5513664066863155,-6.6393913254566215,True,False
1783181371.229095,4.5513664066863155,0.0,True,False
1783181371.2456138,3.6743692319863097,-15.87740908843741,True,False
1783181371.2616668,3.6743692319863097,0.0,True,False
1783181371.2772098,2.981957443847489,7.92078572615657,True,False
1783181371.2931995,2.981957443847489,0.0,True,False
1783181371.3088841,2.0951043543117125,-7.407407334276773,True,False
1783181371.325545,2.0951043543117125,0.0,True,False
1783181371.3411686,2.0951043543117125,0.0,True,False
1783181371.3577497,1.6223217827642693,15.595284236432251,True,False
1783181371.3733876,1.6223217827642693,0.0,True,False
1783181371.3895824,1.4925686899289778,13.477612759727418,True,False
1783181371.4056995,1.4925686899289778,0.0,True,False
1783181371.4213963,1.178925112276985,-7.53142266487657,True,False
1783181371.4373481,1.178925112276985,0.0,True,False
1783181371.4536672,1.178925112276985,0.0,True,False
1783181371.469702,1.0058595080930348,7.610139729002873,True,False
1783181371.485559,1.0058595080930348,0.0,True,False
1783181371.5011292,1.0058595080930348,0.0,True,False
1783181371.5174854,0.6861813257590449,-4.162045083069738,True,False
1783181371.5333538,0.6861813257590449,0.0,True,False
1783181371.5497432,0.6861813257590449,0.0,True,False
1783181371.565116,0.32295683335862624,-1.3780371916506617,True,False
1783181371.5810106,0.32295683335862624,0.0,True,False
1783181371.5971315,0.32295683335862624,0.0,True,False
1783181371.612858,0.32295683335862624,0.0,True,False
1783181371.6294801,-0.22096809024269884,-5.0770759582408935,True,False
1783181371.6454062,-0.22096809024269884,0.0,True,False
1783181371.6610012,-0.22096809024269884,0.0,True,False
1783181371.6776063,-0.31017269212607895,12.70807411008086,True,False
1783181371.6932993,-0.31017269212607895,0.0,True,False
1783181371.7089548,-0.31017269212607895,0.0,True,False
1783181371.725672,-0.20110299252284072,5.542859490118574,True,False
1783181371.7412584,-0.20110299252284072,0.0,True,False
1783181371.7575672,-0.20110299252284072,0.0,True,False
1783181371.7739189,-0.13190636535351147,-1.1124384251242307,True,False
1783181371.7901282,-0.13190636535351147,0.0,True,False
1783181371.8064897,-0.13190636535351147,0.0,True,False
1783181371.8230004,-0.04997809911984005,0.3019085520434301,True,False
1783181371.8382833,-0.04997809911984005,0.0,True,False
1783181371.8545842,-0.04997809911984005,0.0,True,False
1783181371.8704708,0.2849125864503848,7.425282177894579,True,False
1783181371.8861132,0.2849125864503848,0.0,True,False
1783181371.9023407,0.2849125864503848,0.0,True,False
1783181371.9187171,0.391340360542822,-6.474422477950255,True,False
1783181371.9345715,0.391340360542822,0.0,True,False
1783181371.9498363,0.391340360542822,0.0,True,False
1783181371.9661212,0.5937996590775235,2.862905299137444,True,False
1783181371.9821038,0.5937996590775235,0.0,True,False
1783181371.99849,0.5937996590775235,0.0,True,False
1783181372.0142355,0.6350599372368678,-4.85043817273073,True,False
1783181372.0306084,0.6350599372368678,0.0,True,False
1783181372.0467296,0.6350599372368678,0.0,True,False
1783181372.0625188,0.7725257899950386,2.9435214129929412,True,False
1783181372.078514,0.7725257899950386,0.0,True,False
1783181372.0940886,0.7725257899950386,0.0,True,False
1783181372.1105907,1.0745080071573698,4.334614900778992,True,False
1783181372.1262243,1.0745080071573698,0.0,True,False
1783181372.1427915,1.0745080071573698,0.0,True,False
1783181372.1590018,1.5367930162769399,5.065019613667079,True,False
1783181372.1755934,1.5367930162769399,0.0,True,False
1783181372.1914897,1.5367930162769399,0.0,True,False
1783181372.207861,2.386783841310979,10.42788166119275,True,False
1783181372.2242563,2.386783841310979,0.0,True,False
1783181372.2399688,2.386783841310979,0.0,True,False
1783181372.256299,2.571631601988772,-16.634813226512804,True,False
1783181372.2730827,2.571631601988772,0.0,True,False
1783181372.2898242,2.8881625938052244,4.742762207608176,True,False
1783181372.305042,2.8881625938052244,0.0,True,False
1783181372.3218262,2.9206917887376247,-10.507895948689736,True,False
1783181372.337253,2.9206917887376247,0.0,True,False
1783181372.3530924,3.521006365301544,21.639442682192,True,False
1783181372.3698707,3.521006365301544,0.0,True,False
1783181372.3865044,3.9867801708429487,-3.5158927617815654,True,False
1783181372.4020755,3.9867801708429487,0.0,True,False
1783181372.4183755,3.9867801708429487,0.0,True,False
1783181372.434778,4.328332820987853,-5.310602758269781,True,False
1783181372.450432,4.328332820987853,0.0,True,False
1783181372.4666429,4.69336925345099,-0.0025586613899438717,True,False
1783181372.4823933,4.69336925345099,0.0,True,False
1783181372.4987216,5.0528516674853226,1.1143450160092212,True,False
1783181372.5144255,5.0528516674853226,0.0,True,False
1783181372.530459,5.065192343138283,-14.316751098033576,True,False
1783181372.5463893,5.065192343138283,0.0,True,False
1783181372.5623403,5.065192343138283,0.0,True,False
1783181372.5784197,4.6935679823610945,-14.968960556593396,True,False
1783181372.5944,4.6935679823610945,0.0,True,False
1783181372.6108956,3.7642700344959383,-22.877757123914098,True,False
1783181372.6278899,3.7642700344959383,0.0,True,False
1783181372.6444812,1.8726708519888602,-36.87014999973368,True,False
1783181372.6605027,1.8726708519888602,0.0,True,False
1783181372.6768029,-0.5895647576247661,-24.9411663281772,True,False
1783181372.692543,-0.5895647576247661,0.0,True,False
1783181372.7082982,-2.1784946145156225,37.911406841109304,True,False
1783181372.7248466,-2.1784946145156225,0.0,True,False
1783181372.7403889,-2.1784946145156225,0.0,True,False
1783181372.7566473,-4.741037667343173,-34.60677168947541,True,False
1783181372.7729511,-4.741037667343173,0.0,True,False
1783181372.788674,-5.763330354083114,59.75371950871341,True,False
1783181372.8042414,-5.763330354083114,0.0,True,False
1783181372.8208663,-5.911984774368345,33.980967748542355,True,False
1783181372.836906,-5.911984774368345,0.0,True,False
1783181372.8538396,-6.14204271265403,-3.456800778943921,True,False
1783181372.8697324,-6.14204271265403,0.0,True,False
1783181372.8852954,-6.14204271265403,0.0,True,False
1783181372.9019518,-6.150973823672844,8.442496701551814,True,False
1783181372.918788,-6.150973823672844,0.0,True,False
1783181372.9340792,-6.120637141160421,1.6333262533215243,True,False
1783181372.9499154,-6.120637141160421,0.0,True,False
1783181372.9662077,-6.16628763968678,-3.009874377388973,True,False
1783181372.9821846,-6.16628763968678,0.0,True,False
1783181372.9979634,-6.16628763968678,0.0,True,False
1783181373.0148785,-6.225776424541592,-0.46061321800607735,True,False
1783181373.0307457,-6.225776424541592,0.0,True,False
1783181373.0468671,-6.195982674607101,3.440872099568129,True,False
1783181373.0621076,-6.195982674607101,0.0,True,False
1783181373.0786207,-6.055859309756944,4.343285183953774,True,False
1783181373.0945654,-6.055859309756944,0.0,True,False
1783181373.1103606,-5.967478198912821,-2.1199636581342607,True,False
1783181373.1268313,-5.967478198912821,0.0,True,False
1783181373.1424747,-5.967478198912821,0.0,True,False
1783181373.1581001,-5.896177383283562,-0.691326405320752,True,False
1783181373.1750312,-5.896177383283562,0.0,True,False
1783181373.1913981,-5.747974973852686,3.079560114085526,True,False
1783181373.2072217,-5.747974973852686,0.0,True,False
1783181373.2235143,-5.467463272272234,4.69497444828267,True,False
1783181373.2398694,-5.467463272272234,0.0,True,False
1783181373.2564824,-5.014644513458818,6.883575725788712,True,False
1783181373.2726924,-5.014644513458818,0.0,True,False
1783181373.2883358,-5.014644513458818,0.0,True,False
1783181373.304737,-4.420730826234736,4.33368961543235,True,False
1783181373.3201365,-4.420730826234736,0.0,True,False
1783181373.3364367,-3.878200901649438,-0.8909745145734107,True,False
1783181373.3523555,-3.878200901649438,0.0,True,False
1783181373.3686051,-3.0985263398664933,9.736138977463321,True,False
1783181373.3842523,-3.0985263398664933,0.0,True,False
1783181373.4007988,-2.4109139198507847,-4.41002533890326,True,False
1783181373.4164183,-2.4109139198507847,0.0,True,False
1783181373.4328897,-2.4109139198507847,0.0,True,False
1783181373.4492373,-2.104224555170684,-14.35568511927445,True,False
1783181373.4658575,-2.104224555170684,0.0,True,False
1783181373.4822385,-1.8482799033007977,-1.8836952502314506,True,False
1783181373.4982593,-1.8482799033007977,0.0,True,False
1783181373.514877,-1.595540891627891,-0.24752717461071008,True,False
1783181373.5307708,-1.595540891627891,0.0,True,False
1783181373.5468736,-1.5125007826030468,-6.578346818475734,True,False
1783181373.5636444,-1.5125007826030468,0.0,True,False
1783181373.5790014,-1.5125007826030468,0.0,True,False
1783181373.5950723,-1.4872349345027016,-2.2831700227111558,True,False
1783181373.6109924,-1.4872349345027016,0.0,True,False
1783181373.6273587,-1.2516567487141135,8.124237128550044,True,False
1783181373.6432433,-1.2516567487141135,0.0,True,False
1783181373.6595802,-0.8263560989822275,7.516678834332741,True,False
1783181373.6751528,-0.8263560989822275,0.0,True,False
1783181373.6916482,-0.8263560989822275,0.0,True,False
1783181373.7071972,-0.4562033712452243,-2.721886266278287,True,False
1783181373.723021,-0.4562033712452243,0.0,True,False
1783181373.7399235,0.45395165716162944,20.606518685225744,True,False
1783181373.7554657,0.45395165716162944,0.0,True,False
1783181373.7712824,0.8187192210993302,-21.629168450768628,True,False
1783181373.7876046,0.8187192210993302,0.0,True,False
1783181373.8033254,1.1139316665004544,-2.7673748219116847,True,False
1783181373.8191242,1.1139316665004544,0.0,True,False
1783181373.835604,1.9476462041324047,21.872337931943687,True,False
1783181373.8509343,1.9476462041324047,0.0,True,False
1783181373.8673823,1.9476462041324047,0.0,True,False
1783181373.8836427,3.6317464268550723,30.133079542557947,True,False
1783181373.8992486,3.6317464268550723,0.0,True,False
1783181373.915619,5.065871658301582,-6.864632774610072,True,False
1783181373.9314945,5.065871658301582,0.0,True,False
1783181373.947223,6.134094103147439,-15.825935090748192,True,False
1783181373.9632528,6.134094103147439,0.0,True,False
1783181373.9795804,6.652119324346909,-21.53266573108191,True,False
1783181373.9953856,6.652119324346909,0.0,True,False
1783181374.011114,6.652119324346909,0.0,True,False
1783181374.027683,6.706706129419144,-17.70752008517429,True,False
1783181374.0438108,6.706706129419144,0.0,True,False
1783181374.0592825,6.631137188308817,-5.363527064256447,True,False
1783181374.0762138,6.631137188308817,0.0,True,False
1783181374.0928988,6.401163677337882,-5.555566775768847,True,False
1783181374.1084964,6.401163677337882,0.0,True,False
1783181374.1239965,6.401163677337882,0.0,True,False
1783181374.1403732,6.241092086334882,2.496004536148583,True,False
1783181374.156553,6.241092086334882,0.0,True,False
1783181374.17315,6.048050979481016,-1.5698293491692603,True,False
1783181374.189675,6.048050979481016,0.0,True,False
1783181374.2053797,5.966139598710295,4.8209722327375255,True,False
1783181374.2218623,5.966139598710295,0.0,True,False
1783181374.2390673,5.797284969209735,-3.259647566253822,True,False
1783181374.2558105,5.797284969209735,0.0,True,False
1783181374.2716587,5.664457423235768,1.4560487300829266,True,False
1783181374.2869856,5.664457423235768,0.0,True,False
1783181374.30383,5.463863318916165,-2.6342857988097608,True,False
1783181374.3189487,5.463863318916165,0.0,True,False
1783181374.335509,5.463863318916165,0.0,True,False
1783181374.3519478,5.385644659004445,4.924558402818202,True,False
1783181374.368737,5.385644659004445,0.0,True,False
1783181374.3849773,5.293279877785873,-0.5699412767393839,True,False
1783181374.4018166,5.293279877785873,0.0,True,False
1783181374.4172041,5.233663802518053,1.3126220726386661,True,False
1783181374.4336817,5.233663802518053,0.0,True,False
1783181374.4492843,5.233663802518053,0.0,True,False
1783181374.465902,5.1447137814606885,-1.1451048852149766,True,False
1783181374.4812937,5.1447137814606885,0.0,True,False
1783181374.4972975,5.025884284272318,-1.1967311835051562,True,False
1783181374.5135367,5.025884284272318,0.0,True,False
1783181374.5294797,4.924592288680229,0.7185668915278713,True,False
1783181374.5455666,4.924592288680229,0.0,True,False
1783181374.5609534,4.844365557559216,0.8191351171809355,True,False
1783181374.577381,4.844365557559216,0.0,True,False
1783181374.593892,4.849199995489994,3.31136051236776,True,False
1783181374.6091995,4.849199995489994,0.0,True,False
1783181374.6258798,4.849199995489994,0.0,True,False
1783181374.6413574,4.9198448758277324,2.660669098195563,True,False
1783181374.6572764,4.9198448758277324,0.0,True,False
1783181374.6738126,5.036161036800075,1.835201686957795,True,False
1783181374.689229,5.036161036800075,0.0,True,False
1783181374.7057388,5.017771468765699,-5.213374416537508,True,False
1783181374.721821,5.017771468765699,0.0,True,False
1783181374.7377517,5.017771468765699,0.0,True,False
1783181374.7531197,4.982621130430744,-0.6926048768903467,True,False
1783181374.76924,4.982621130430744,0.0,True,False
1783181374.785633,4.9634288534653574,0.6237425762906423,True,False
1783181374.8014503,4.9634288534653574,0.0,True,False
1783181374.8177536,4.938183787473259,-0.24205015182322584,True,False
1783181374.8332973,4.938183787473259,0.0,True,False
1783181374.849827,4.934370270610076,0.8210229163170271,True,False
1783181374.8654807,4.934370270610076,0.0,True,False
1783181374.8810923,4.934370270610076,0.0,True,False
1783181374.8978102,4.954215885103454,0.8937782188349676,True,False
1783181374.9138994,4.954215885103454,0.0,True,False
1783181374.929882,5.069209784438631,3.8642761145758935,True,False
1783181374.9455566,5.069209784438631,0.0,True,False
1783181374.9613135,5.25491220931805,2.8697103108916586,True,False
1783181374.977159,5.25491220931805,0.0,True,False
1783181374.9935844,5.530533621051813,3.719514582594768,True,False
1783181375.008972,5.530533621051813,0.0,True,False
1783181375.0255535,5.530533621051813,0.0,True,False
1783181375.0418184,5.397990530184466,-15.999921158426194,True,False
1783181375.0575001,5.397990530184466,0.0,True,False
1783181375.0732794,4.560463774571099,-28.619082169508044,True,False
1783181375.089859,4.560463774571099,0.0,True,False
1783181375.1054344,2.561074290999691,-47.5158713004091,True,False
1783181375.1219628,2.561074290999691,0.0,True,False
1783181375.1381476,0.05261797376469984,-21.750671802497944,True,False
1783181375.1547267,0.05261797376469984,0.0,True,False
1783181375.1706717,0.05261797376469984,0.0,True,False
1783181375.186157,-2.0471490926359643,17.516369876679438,True,False
1783181375.2020555,-2.0471490926359643,0.0,True,False
1783181375.2183976,-5.066604979601436,-24.879951847525174,True,False
1783181375.2342477,-5.066604979601436,0.0,True,False
1783181375.2505193,-5.838946054936995,78.22552245862722,False,True
1783181375.2668815,-5.838946054936995,0.0,False,True
1783181375.282397,-5.838946054936995,0.0,False,True
1783181375.2989757,-6.268605751873526,12.554761733677646,False,True
1783181375.314354,-6.268605751873526,0.0,False,True
1783181375.3311105,-6.358012979312307,13.104456735718504,False,True
1783181375.3472738,-6.358012979312307,0.0,False,True
1783181375.3631938,-6.096358443201771,13.97598069306509,False,True
1783181375.3796303,-6.096358443201771,0.0,False,True
1783181375.3955748,-6.01386386451839,-7.030508953230964,False,True
1783181375.411377,-6.01386386451839,0.0,False,True
1783181375.4277813,-5.481563932717296,16.635730064502017,False,True
1783181375.4431667,-5.481563932717296,0.0,False,True
1783181375.4599428,-5.481563932717296,0.0,False,True
1783181375.4758492,-5.163919799227905,-7.860542797311892,False,True
1783181375.4917548,-5.163919799227905,0.0,False,True
1783181375.5072286,-4.084359415451967,32.37270131405224,False,True
1783181375.5233889,-4.084359415451967,0.0,False,True
1783181375.5393794,-3.6236174778696792,-25.153037969085442,False,True
1783181375.555074,-3.6236174778696792,0.0,False,True
1783181375.5713446,-1.5211201619981676,64.94803621871726,False,True
1783181375.5872142,-1.5211201619981676,0.0,False,True
1783181375.6032472,-1.5211201619981676,0.0,False,True
1783181375.61952,0.02892896812753674,-24.304379155680802,False,True
1783181375.635181,0.02892896812753674,0.0,False,True
1783181375.6516,2.4446542194861167,35.27951876529684,False,True
1783181375.6674526,2.4446542194861167,0.0,False,True
1783181375.683842,4.427703770448932,-16.496429399687408,False,True
1783181375.6992955,4.427703770448932,0.0,False,True
1783181375.7158408,5.485594909732887,-35.99157056925735,False,True
1783181375.731393,5.485594909732887,0.0,False,True
1783181375.7472098,5.485594909732887,0.0,False,True
1783181375.7641673,5.680197272468751,-32.386102411775255,False,True
1783181375.7808225,5.680197272468751,0.0,False,True
1783181375.7965927,5.407078805896893,-18.478247131789303,False,True
1783181375.8129919,5.407078805896893,0.0,False,True
1783181375.8285873,4.970070035931791,-7.514980760979779,False,True
1783181375.8445916,4.970070035931791,0.0,False,True
1783181375.8605096,4.431997873565308,-3.509656746256088,False,True
1783181375.8763168,4.431997873565308,0.0,False,True
1783181375.8929305,4.431997873565308,0.0,False,True
1783181375.9084802,4.4272816338751815,21.834709577829656,False,True
1783181375.924387,4.4272816338751815,0.0,False,True
1783181375.9410207,4.407512653405962,-0.599415627827673,False,True
1783181375.9578872,4.407512653405962,0.0,False,True
1783181375.9732661,4.398326961561131,0.46327451126687824,False,True
1783181375.9894068,4.398326961561131,0.0,False,True
1783181376.005885,4.349742289126759,-1.5728394801049737,False,True
1783181376.021014,4.349742289126759,0.0,False,True
1783181376.0378733,4.276341181682866,-0.878497913151713,False,True
1783181376.0540113,4.276341181682866,0.0,False,True
1783181376.07004,4.276341181682866,0.0,False,True
1783181376.0866044,4.217151139634093,0.5625484870928412,False,True
1783181376.1026464,4.217151139634093,0.0,False,True
1783181376.1188855,3.853038212106148,-12.37845341393339,False,True
1783181376.134748,3.853038212106148,0.0,False,True
1783181376.150093,2.6476993136970086,-35.17618072914584,False,True
1783181376.1666782,2.6476993136970086,0.0,False,True
1783181376.1822367,1.0083377745013968,-17.514960882489298,False,True
1783181376.198994,1.0083377745013968,0.0,False,True
1783181376.2154522,1.5879455779614862,86.85873726500277,False,True
1783181376.231202,1.5879455779614862,0.0,False,True
1783181376.247271,1.5879455779614862,0.0,False,True
1783181376.2634299,4.093241715861286,76.69251463407875,False,True
1783181376.2797213,4.093241715861286,0.0,False,True
1783181376.2954636,6.952711738020275,17.649938154120637,False,True
1783181376.3113577,6.952711738020275,0.0,False,True
1783181376.3277245,9.159231298954722,-26.917276845501494,False,True
1783181376.3435671,9.159231298954722,0.0,False,True
1783181376.359973,8.881347235185652,-99.39540635044594,True,False
1783181376.3765116,8.881347235185652,0.0,True,False
1783181376.3928945,8.340564306574803,-10.156953876898456,True,False
1783181376.4085367,8.340564306574803,0.0,True,False
1783181376.4241602,8.340564306574803,0.0,True,False
1783181376.4404318,7.7846221288801,-0.49143986298593917,True,False
1783181376.4562335,7.7846221288801,0.0,True,False
1783181376.4727898,7.548460745178852,12.340293036088944,True,False
1783181376.489132,7.548460745178852,0.0,True,False
1783181376.5059164,7.267880202864834,-2.258823210437467,True,False
1783181376.521199,7.267880202864834,0.0,True,False
1783181376.5373383,7.042822959375896,2.52774089689536,True,False
1783181376.553885,7.042822959375896,0.0,True,False
1783181376.5691602,7.042822959375896,0.0,True,False
1783181376.5854254,6.946908334292517,5.285217984652529,True,False
1783181376.601193,6.946908334292517,0.0,True,False
1783181376.6175718,6.818850282161058,-1.343651476174148,True,False
1783181376.6335094,6.818850282161058,0.0,True,False
1783181376.6497808,6.626544342386402,-2.4174300912627027,True,False
1783181376.665145,6.626544342386402,0.0,True,False
1783181376.6817427,6.626544342386402,0.0,True,False
1783181376.6977162,6.462177349385261,1.026100250453787,True,False
1783181376.7135184,6.462177349385261,0.0,True,False
1783181376.7294264,6.30248633073952,0.20157593765348464,True,False
1783181376.745543,6.30248633073952,0.0,True,False
1783181376.7612767,6.210878797590171,2.7620536374311913,True,False
1783181376.777077,6.210878797590171,0.0,True,False
1783181376.7935824,6.10976734656347,-0.2490212516278029,True,False
1783181376.8090806,6.10976734656347,0.0,True,False
1783181376.82588,6.10976734656347,0.0,True,False
1783181376.8415394,5.831779372253169,-7.263782328411305,True,False
1783181376.8575172,5.831779372253169,0.0,True,False
1783181376.8738105,5.637992707265969,3.2784709716933502,True,False
1783181376.8892393,5.637992707265969,0.0,True,False
1783181376.9050527,5.438001284085506,-0.4190107651674395,True,False
1783181376.921299,5.438001284085506,0.0,True,False
1783181376.9373405,4.986106030207282,-10.247753324957818,True,False
1783181376.9531822,4.986106030207282,0.0,True,False
1783181376.9696536,4.986106030207282,0.0,True,False
1783181376.985887,4.645470390588742,4.827795732351636,True,False
1783181377.0015929,4.645470390588742,0.0,True,False
1783181377.0171556,4.4395794464298834,5.688415951768218,True,False
1783181377.0334163,4.4395794464298834,0.0,True,False
1783181377.0500119,3.9971023842324946,-8.442175346652228,True,False
1783181377.065541,3.9971023842324946,0.0,True,False
1783181377.0819693,3.9971023842324946,0.0,True,False
1783181377.0977523,3.483524534197716,-4.110213533922134,True,False
1783181377.1138537,3.483524534197716,0.0,True,False
1783181377.1296415,3.1368711753601293,6.855201748433507,True,False
1783181377.145978,3.1368711753601293,0.0,True,False
1783181377.1627395,3.0114901185471368,8.476210933943268,True,False
1783181377.1787722,3.0114901185471368,0.0,True,False
1783181377.1941934,2.8337251601360096,-2.0079795321294682,True,False
1783181377.2101424,2.8337251601360096,0.0,True,False
1783181377.226596,2.8337251601360096,0.0,True,False
1783181377.2421887,2.396530650078457,-10.336716746550328,True,False
1783181377.258931,2.396530650078457,0.0,True,False
1783181377.2746675,2.0365689486726954,2.809576138321877,True,False
1783181377.2905984,2.0365689486726954,0.0,True,False
1783181377.306044,1.6904559246495106,0.4650111114191907,True,False
1783181377.322953,1.6904559246495106,0.0,True,False
1783181377.339171,1.4115626297487327,2.3429984019572605,True,False
1783181377.3559933,1.4115626297487327,0.0,True,False
1783181377.3715994,1.2553279354806919,5.223355222530457,True,False
1783181377.387961,1.2553279354806919,0.0,True,False
1783181377.403948,1.2553279354806919,0.0,True,False
1783181377.4194348,1.185577984679307,3.58677511055075,True,False
1783181377.4361176,1.185577984679307,0.0,True,False
1783181377.452512,1.1449879295109033,1.2015211665641312,True,False
1783181377.4682744,1.1449879295109033,0.0,True,False
1783181377.4848645,1.1122639023136949,0.30686930600016044,True,False
1783181377.5006194,1.1122639023136949,0.0,True,False
1783181377.5168998,1.1249721615062602,1.8106952049307456,True,False
1783181377.5325725,1.1249721615062602,0.0,True,False
1783181377.5482826,1.141987512632855,0.1679558430018916,True,False
1783181377.5643396,1.141987512632855,0.0,True,False
1783181377.5801992,1.141987512632855,0.0,True,False
1783181377.5971255,1.1738880487908068,0.5781046163661188,True,False
1783181377.6132767,1.1738880487908068,0.0,True,False
1783181377.6291394,1.2071342264577016,0.06705612912107303,True,False
1783181377.6450634,1.2071342264577016,0.0,True,False
1783181377.6614807,1.2350030336158861,-0.2242475711622902,True,False
1783181377.6774747,1.2350030336158861,0.0,True,False
1783181377.69388,1.2387905728437603,-0.9510927133822467,True,False
1783181377.7094433,1.2387905728437603,0.0,True,False
1783181377.7260036,1.2093085545329627,-1.2612046606709622,True,False
1783181377.742979,1.2093085545329627,0.0,True,False
1783181377.7585685,1.2093085545329627,0.0,True,False
1783181377.7750757,1.1762338292590993,-0.1349030872172149,True,False
1783181377.79192,1.1762338292590993,0.0,True,False
1783181377.8075244,1.1716461788637456,1.1389122167002208,True,False
1783181377.8233202,1.1716461788637456,0.0,True,False
1783181377.8397381,1.180351284455382,0.5198021074011812,True,False
1783181377.8557708,1.180351284455382,0.0,True,False
1783181377.8718479,1.2129194458407437,0.9104976177111558,True,False
1783181377.887786,1.2129194458407437,0.0,True,False
1783181377.9039698,1.2129194458407437,0.0,True,False
1783181377.9198759,1.2548655335722136,0.3652692362381878,True,False
1783181377.9359138,1.2548655335722136,0.0,True,False
1783181377.9512124,1.2899898942718606,-0.3070936397545293,True,False
1783181377.9678614,1.2899898942718606,0.0,True,False
1783181377.9832616,1.3027890751880031,-0.8547423026045091,True,False
1783181377.999913,1.3027890751880031,0.0,True,False
1783181378.015451,1.3027890751880031,0.0,True,False
1783181378.0322337,1.2800430577125124,-1.364274645876702,True,False
1783181378.048715,1.2800430577125124,0.0,True,False
1783181378.0643365,1.2770504341250564,0.8106042900364251,True,False
1783181378.0805326,1.2770504341250564,0.0,True,False
1783181378.0966213,1.259970138910192,-0.5498587387204722,True,False
1783181378.1130333,1.259970138910192,0.0,True,False
1783181378.1298418,1.2388581146955604,-0.17133119761452212,True,False
1783181378.1453266,1.2388581146955604,0.0,True,False
1783181378.1619215,1.2440848149194854,1.0208782877711169,True,False
1783181378.1774938,1.2440848149194854,0.0,True,False
1783181378.193927,1.2440848149194854,0.0,True,False
1783181378.2094505,1.212088161510895,-1.5103157315062363,True,False
1783181378.2251804,1.212088161510895,0.0,True,False
1783181378.2416465,1.212088161510895,0.0,True,False
1783181378.257888,1.365301656792641,5.626412902892651,True,False
1783181378.2731898,1.365301656792641,0.0,True,False
1783181378.2895253,1.5390595649575436,2.46912801153181,True,False
1783181378.305865,1.5390595649575436,0.0,True,False
1783181378.3222423,1.5390595649575436,0.0,True,False
1783181378.3383985,1.6990636141087427,-2.419645890466891,True,False
1783181378.3549628,1.6990636141087427,0.0,True,False
1783181378.3707676,1.6990636141087427,0.0,True,False
1783181378.387019,1.3595294262272526,-14.276947177653112,True,False
1783181378.402609,1.3595294262272526,0.0,True,False
1783181378.4186902,1.3595294262272526,0.0,True,False
1783181378.434479,1.519303573305978,14.769639078571478,True,False
1783181378.4505522,1.519303573305978,0.0,True,False
1783181378.4668708,1.519303573305978,0.0,True,False
1783181378.4830732,1.5302063868446527,-4.210848352873767,True,False
1783181378.4983153,1.5302063868446527,0.0,True,False
1783181378.5144854,1.5302063868446527,0.0,True,False
1783181378.5310283,1.542975693480191,0.06100773640740591,True,False
1783181378.5468862,1.542975693480191,0.0,True,False
1783181378.5626957,1.542975693480191,0.0,True,False
1783181378.5781798,1.565965900727575,0.31838874429381153,True,False
1783181378.5947847,1.565965900727575,0.0,True,False
1783181378.6101909,1.565965900727575,0.0,True,False
1783181378.6262064,1.5740033810918015,-0.44903904529601774,True,False
1783181378.6425798,1.5740033810918015,0.0,True,False
1783181378.658858,1.5740033810918015,0.0,True,False
1783181378.6749291,1.611380002772633,0.8524541270124302,True,False
1783181378.6902225,1.611380002772633,0.0,True,False
1783181378.7065146,1.611380002772633,0.0,True,False
1783181378.722338,1.611380002772633,0.0,True,False
1783181378.7388957,1.651353089102477,0.013414030507940867,True,False
1783181378.7546968,1.651353089102477,0.0,True,False
1783181378.7708678,1.651353089102477,0.0,True,False
1783181378.7865953,1.7556766747349841,1.9571433206183435,True,False
1783181378.8026009,1.7556766747349841,0.0,True,False
1783181378.8184738,1.7556766747349841,0.0,True,False
1783181378.8344493,1.812244274499437,-1.3552131986863878,True,False
1783181378.8509495,1.812244274499437,0.0,True,False
1783181378.8667336,1.812244274499437,0.0,True,False
1783181378.882685,1.8889887036074413,0.5017996544878798,True,False
1783181378.8988476,1.8889887036074413,0.0,True,False
1783181378.9146369,1.8889887036074413,0.0,True,False
1783181378.9302,1.9028516686894372,-1.8299370363128862,True,False
1783181378.946437,1.9028516686894372,0.0,True,False
1783181378.9622614,1.9028516686894372,0.0,True,False
1783181378.9782047,1.8588494511233569,-1.708488316032103,True,False
1783181378.9947064,1.8588494511233569,0.0,True,False
1783181379.0109866,1.8588494511233569,0.0,True,False
1783181379.0267417,1.8752932942731806,1.807577759095514,True,False
1783181379.0430899,1.8752932942731806,0.0,True,False
1783181379.0585632,1.8752932942731806,0.0,True,False
1783181379.0744328,1.8108531721287056,-2.4095703804774495,True,False
1783181379.0902898,1.8108531721287056,0.0,True,False
1783181379.1066244,1.8108531721287056,0.0,True,False
1783181379.1229959,1.779077328620231,0.9906822764996283,True,False
1783181379.1387067,1.779077328620231,0.0,True,False
1783181379.1545231,1.779077328620231,0.0,True,False
1783181379.1704533,1.779077328620231,0.0,True,False
1783181379.187217,1.7298769862290642,-0.5076892384708362,True,False
1783181379.203434,1.7298769862290642,0.0,True,False
1783181379.219371,1.7298769862290642,0.0,True,False
1783181379.235661,1.7386548291995625,1.6405126689782235,True,False
1783181379.2511392,1.7386548291995625,0.0,True,False
1783181379.2679513,1.7386548291995625,0.0,True,False
1783181379.283819,1.5780234201556802,-4.831077770176243,True,False
1783181379.2994552,1.5780234201556802,0.0,True,False
1783181379.3143322,1.5780234201556802,0.0,True,False
1783181379.330654,1.6268678689431306,5.88170638123252,True,False
1783181379.3468964,1.6268678689431306,0.0,True,False
1783181379.3627172,1.4491938322555804,-8.669283217191374,True,False
1783181379.3787687,1.4491938322555804,0.0,True,False
1783181379.394331,1.3486551880874165,3.1536723281866044,True,False
1783181379.410678,1.3486551880874165,0.0,True,False
1783181379.4270754,1.3486551880874165,0.0,True,False
1783181379.4431427,1.3699854244386334,4.660298821432294,True,False
1783181379.4596584,1.3699854244386334,0.0,True,False
1783181379.4759064,1.3699854244386334,0.0,True,False
1783181379.4914467,1.5061186245055151,4.9700689877132165,True,False
1783181379.5076718,1.5061186245055151,0.0,True,False
1783181379.5236788,1.5061186245055151,0.0,True,False
1783181379.5396028,1.7303186060292963,1.1139757345228813,True,False
1783181379.5556235,1.7303186060292963,0.0,True,False
1783181379.571211,1.7303186060292963,0.0,True,False
1783181379.58792,1.7818984998146556,-4.8669227164122875,True,False
1783181379.6041062,1.7818984998146556,0.0,True,False
1783181379.620846,1.7818984998146556,0.0,True,False
1783181379.636605,1.7964096068975808,-1.0951101895252284,True,False
1783181379.652845,1.7964096068975808,0.0,True,False
1783181379.6690614,1.7964096068975808,0.0,True,False
1783181379.6862156,1.8266761497946733,0.41283512041248294,True,False
1783181379.7022758,1.8266761497946733,0.0,True,False
1783181379.71818,1.8266761497946733,0.0,True,False
1783181379.734169,1.9171107927098767,1.8037937505417019,True,False
1783181379.7505753,1.9171107927098767,0.0,True,False
1783181379.7664888,1.9171107927098767,0.0,True,False
1783181379.7826202,2.015178963760271,0.2246446305000376,True,False
1783181379.7989604,2.015178963760271,0.0,True,False
1783181379.8148706,2.015178963760271,0.0,True,False
1783181379.8304088,2.0575056238489995,-1.702676516611469,True,False
1783181379.8466065,2.0575056238489995,0.0,True,False
1783181379.8626418,2.25901024428614,6.985990026534033,True,False
1783181379.8788748,2.25901024428614,0.0,True,False
1783181379.8951368,2.407137318574623,-2.5528561618318193,True,False
1783181379.9114237,2.407137318574623,0.0,True,False
1783181379.927629,2.407137318574623,0.0,True,False
1783181379.9447873,2.7283741590270796,4.814776781674904,True,False
1783181379.9608657,2.7283741590270796,0.0,True,False
1783181379.9765806,2.7283741590270796,0.0,True,False
1783181379.9927588,2.998979289382911,-1.9979779875006387,True,False
1783181380.009199,2.998979289382911,0.0,True,False
1783181380.0260916,2.998979289382911,0.0,True,False
1783181380.0413823,3.5216610017113,6.490141332951528,True,False
1783181380.058091,3.5216610017113,0.0,True,False
1783181380.0749378,3.7783836837586544,-6.207547746254174,True,False
1783181380.0906143,3.7783836837586544,0.0,True,False
1783181380.1071603,3.7783836837586544,0.0,True,False
1783181380.1234758,4.0258271544740705,0.27725055741146,True,False
1783181380.1396368,4.0258271544740705,0.0,True,False
1783181380.1552446,4.1366724254505955,-4.782804440346141,True,False
1783181380.1719687,4.1366724254505955,0.0,True,False
1783181380.1879826,4.1366724254505955,0.0,True,False
1783181380.2042496,4.2431170850059825,-0.2791777778041556,True,False
1783181380.2202275,4.2431170850059825,0.0,True,False
1783181380.2369065,4.223097420356043,-4.379610828018248,True,False
1783181380.252466,4.223097420356043,0.0,True,False
1783181380.2688663,4.223097420356043,0.0,True,False
1783181380.2843595,4.152559048323067,-1.8206425810679587,True,False
1783181380.3007283,4.152559048323067,0.0,True,False
1783181380.3158762,3.999532592015537,-3.846958416247876,True,False
1783181380.3318655,3.999532592015537,0.0,True,False
1783181380.3474917,3.8665634679291427,1.0327362228515564,True,False
1783181380.3632014,3.8665634679291427,0.0,True,False
1783181380.379293,3.828995910628799,3.6687099592517463,True,False
1783181380.3952513,3.828995910628799,0.0,True,False
1783181380.4113445,3.828995910628799,0.0,True,False
1783181380.4281466,3.791488101889663,0.04359944554732199,True,False
1783181380.4438014,3.791488101889663,0.0,True,False
1783181380.4593527,3.7681264144573783,0.6157111290081166,True,False
1783181380.4753563,3.7681264144573783,0.0,True,False
1783181380.4918146,3.7681264144573783,0.0,True,False
1783181380.5072918,3.759922677227182,0.5074934898346887,True,False
1783181380.5238354,3.759922677227182,0.0,True,False
1783181380.5401568,3.7631348118329884,0.444064481779219,True,False
1783181380.5559,3.7631348118329884,0.0,True,False
1783181380.5714931,3.6829067818302113,-3.343926801427228,True,False
1783181380.5878139,3.6829067818302113,0.0,True,False
1783181380.6035106,3.5384308641842366,-2.6756330725287545,True,False
1783181380.6197476,3.5384308641842366,0.0,True,False
1783181380.6357863,3.5384308641842366,0.0,True,False
1783181380.6521282,3.439106674466711,2.0479215292384887,True,False
1783181380.6671624,3.439106674466711,0.0,True,False
1783181380.683262,3.3446519924876292,-0.004336778591317217,True,False
1783181380.6996377,3.3446519924876292,0.0,True,False
1783181380.7154136,3.3446519924876292,0.0,True,False
1783181380.73148,3.33522081198914,3.335204242189222,True,False
1783181380.7480493,3.33522081198914,0.0,True,False
1783181380.764268,3.28370586229205,-1.606207448241632,True,False
1783181380.780212,3.28370586229205,0.0,True,False
1783181380.797289,2.9182433966098666,-11.343145784159367,True,False
1783181380.8141782,2.9182433966098666,0.0,True,False
1783181380.8311744,2.614255706001775,1.906226747532442,True,False
1783181380.8462868,2.614255706001775,0.0,True,False
1783181380.8630328,2.614255706001775,0.0,True,False
1783181380.8789496,2.2799612071618633,2.4262970621083237,True,False
1783181380.8948052,2.2799612071618633,0.0,True,False
1783181380.9103608,2.2799612071618633,0.0,True,False
1783181380.9268508,1.6982362264241901,-13.541796612911646,True,False
1783181380.9425282,1.6982362264241901,0.0,True,False
1783181380.9588335,1.6982362264241901,0.0,True,False
1783181380.974339,1.4619930131717227,17.039691694043366,True,False
1783181380.9907207,1.4619930131717227,0.0,True,False
1783181381.0070999,1.4619930131717227,0.0,True,False
1783181381.0229225,1.3402929872818428,3.462440044926659,True,False
1783181381.0389187,1.3402929872818428,0.0,True,False
1783181381.0544348,1.3402929872818428,0.0,True,False
1783181381.0712287,1.3273405383173844,3.049453987671546,True,False
1783181381.0876122,1.3273405383173844,0.0,True,False
1783181381.1031704,1.3273405383173844,0.0,True,False
1783181381.1199176,1.3871280659782363,2.063738169053205,True,False
1783181381.136046,1.3871280659782363,0.0,True,False
1783181381.1520345,1.3871280659782363,0.0,True,False
1783181381.1680808,1.503710497712484,1.6434175226537353,True,False
1783181381.1834164,1.503710497712484,0.0,True,False
1783181381.199534,1.503710497712484,0.0,True,False
1783181381.2157784,1.7472079656246484,3.700805415054526,True,False
1783181381.2314904,1.7472079656246484,0.0,True,False
1783181381.2479715,1.7472079656246484,0.0,True,False
1783181381.263456,1.8685079359307888,-3.741920305803394,True,False
1783181381.2798727,1.8685079359307888,0.0,True,False
1783181381.2954912,1.8685079359307888,0.0,True,False
1783181381.311923,2.1022702850113633,3.2449174013479642,True,False
1783181381.3280604,2.1022702850113633,0.0,True,False
1783181381.3433592,2.1022702850113633,0.0,True,False
1783181381.3599634,2.1260593045444613,-5.958269606546406,True,False
1783181381.375673,2.1260593045444613,0.0,True,False
1783181381.3919818,2.1260593045444613,0.0,True,False
1783181381.4078677,2.291125095935381,4.171840031724936,True,False
1783181381.4236245,2.291125095935381,0.0,True,False
1783181381.4400053,2.3306124004849695,-3.0974037567121053,True,False
1783181381.4555705,2.3306124004849695,0.0,True,False
1783181381.471473,2.3306124004849695,0.0,True,False
1783181381.4880996,3.167205260109022,21.534970529493997,True,False
1783181381.5034025,3.167205260109022,0.0,True,False
1783181381.5196915,3.167205260109022,0.0,True,False
1783181381.5357444,3.167205260109022,0.0,True,False
1783181381.5520096,3.7675393198994223,-6.581751951527571,True,False
1783181381.568185,3.7675393198994223,0.0,True,False
1783181381.585095,3.7675393198994223,0.0,True,False
1783181381.6006036,5.077447292594727,20.64918084277722,True,False
1783181381.616881,5.077447292594727,0.0,True,False
1783181381.6329205,5.077447292594727,0.0,True,False
1783181381.6490264,5.6047309430178895,-21.982769968352677,True,False
1783181381.6644833,5.6047309430178895,0.0,True,False
1783181381.6808572,5.6047309430178895,0.0,True,False
1783181381.6965215,6.010588631603669,-3.9175025212793604,True,False
1783181381.7127788,6.010588631603669,0.0,True,False
1783181381.7287483,6.546611158544367,8.703383160348466,True,False
1783181381.7446215,6.546611158544367,0.0,True,False
1783181381.760917,6.546611158544367,0.0,True,False
1783181381.777104,6.719887181574311,-13.47691345308284,True,False
1783181381.7927122,6.719887181574311,0.0,True,False
1783181381.808933,6.719887181574311,0.0,True,False
1783181381.825266,7.581222439947257,16.942471742021155,True,False
1783181381.8411784,7.581222439947257,0.0,True,False
1783181381.8586972,7.992567903991804,-7.601633057148916,True,False
1783181381.8745422,7.992567903991804,0.0,True,False
1783181381.8906636,7.992567903991804,0.0,True,False
1783181381.907441,6.452653948281429,-64.96600031484834,True,False
1783181381.9226487,6.452653948281429,0.0,True,False
1783181381.938645,3.030533024109504,-76.96282333685848,True,False
1783181381.9546063,3.030533024109504,0.0,True,False
1783181381.9703991,3.030533024109504,0.0,True,False
1783181381.9868898,-0.6037121778133823,-9.285522868286645,True,False
1783181382.0031047,-0.6037121778133823,0.0,True,False
1783181382.0190072,-4.744110821600083,-26.112531914306317,True,False
1783181382.0345497,-4.744110821600083,0.0,True,False
1783181382.050548,-4.986160036343839,155.28594076150648,False,True
1783181382.06702,-4.986160036343839,0.0,False,True
1783181382.083146,-4.759209023240964,18.05634202105211,False,True
1783181382.0987108,-4.759209023240964,0.0,False,True
1783181382.1152341,-4.759209023240964,0.0,False,True
1783181382.1306124,-4.150378977823155,15.464762494860427,False,True
1783181382.1465874,-4.150378977823155,0.0,False,True
1783181382.1631112,-4.040376681112368,-18.58009343177603,False,True
1783181382.1786108,-4.040376681112368,0.0,False,True
1783181382.1950743,-4.0104192720754375,-3.1541309728369678,False,True
1783181382.210565,-4.0104192720754375,0.0,False,True
1783181382.2269268,-4.037739951128628,-2.2094593827511795,False,True
1783181382.2431407,-4.037739951128628,0.0,False,True
1783181382.2585027,-4.037739951128628,0.0,False,True
1783181382.27455,-3.871083029575107,7.713291744311051,False,True
1783181382.2902868,-3.871083029575107,0.0,False,True
1783181382.3071861,-3.86658630090333,-6.094903691684839,False,True
1783181382.3231888,-3.86658630090333,0.0,False,True
1783181382.3394575,-3.7298686040420237,5.234325555356975,False,True
1783181382.3558729,-3.7298686040420237,0.0,False,True
1783181382.3716247,-3.6408692254775747,-1.9884719045208883,False,True
1783181382.3876426,-3.6408692254775747,0.0,False,True
1783181382.4035861,-3.6408692254775747,0.0,False,True
1783181382.4202518,-3.349698900130341,7.044050322470655,False,True
1783181382.4366176,-3.349698900130341,0.0,False,True
1783181382.4524853,-2.8470420479789524,9.248338681640973,False,True
1783181382.4690223,-2.8470420479789524,0.0,False,True
1783181382.4849222,-1.849900907744003,19.589545081693167,False,True
1783181382.5011668,-1.849900907744003,0.0,False,True
1783181382.5172582,-1.849900907744003,0.0,False,True
1783181382.534238,-0.6590731164177887,-4.074883528787971,False,True
1783181382.5503814,-0.6590731164177887,0.0,False,True
1783181382.5665886,-0.6590731164177887,0.0,False,True
1783181382.5824292,0.09796453395795776,-13.191411065085282,False,True
1783181382.5990224,0.09796453395795776,0.0,False,True
1783181382.6144187,0.09796453395795776,0.0,False,True
1783181382.6307666,0.6190655071778687,-6.7910056091644195,False,True
1783181382.6467664,0.6190655071778687,0.0,False,True
1783181382.662624,0.6190655071778687,0.0,False,True
1783181382.678551,0.7646649575509049,-9.409351457728196,False,True
1783181382.6945143,0.7646649575509049,0.0,False,True
1783181382.7109778,0.7646649575509049,0.0,False,True
1783181382.7263844,0.540566288804824,-12.770855155691104,False,True
1783181382.742765,0.540566288804824,0.0,False,True
1783181382.7589378,0.540566288804824,0.0,False,True
1783181382.7750611,0.3330023849321441,0.5324280551673886,False,True
1783181382.7906353,0.3330023849321441,0.0,False,True
1783181382.8067582,0.24815942801693996,2.515990480864404,False,True
1783181382.8227115,0.24815942801693996,0.0,False,True
1783181382.8390906,0.378652883458503,8.413725874146905,False,True
1783181382.8543935,0.378652883458503,0.0,False,True
1783181382.870429,0.378652883458503,0.0,False,True
1783181382.8864462,0.35409622480206016,-6.1355244065615775,False,True
1783181382.903071,0.35409622480206016,0.0,False,True
1783181382.9187484,0.4007832309771994,2.821235464938203,False,True
1783181382.934385,0.4007832309771994,0.0,False,True
1783181382.9511955,0.39605789911471456,-1.897112470247439,False,True
1783181382.9667315,0.39605789911471456,0.0,False,True
1783181382.9829583,0.4158476616921801,0.9741278502160582,False,True
1783181382.9992552,0.4158476616921801,0.0,False,True
1783181383.0162299,0.4158476616921801,0.0,False,True
1783181383.0328138,0.377600789228538,-2.2218670997489283,False,True
1783181383.048875,0.377600789228538,0.0,False,True
1783181383.0650623,0.37432241165269636,1.3621517667805803,False,True
1783181383.0807884,0.37432241165269636,0.0,False,True
1783181383.0965261,0.37588626529822466,0.19810305667633352,False,True
1783181383.1122842,0.37588626529822466,0.0,False,True
1783181383.128593,0.32992403514817237,-1.9063793006544458,False,True
1783181383.1452405,0.32992403514817237,0.0,False,True
1783181383.161936,0.32992403514817237,0.0,False,True
1783181383.1774735,0.06976321306783356,-5.72527732890254,False,True
1783181383.1938179,0.06976321306783356,0.0,False,True
1783181383.2101228,0.06976321306783356,0.0,False,True
1783181383.2262082,0.020720035370278778,5.9983282542747025,False,True
1783181383.2414937,0.020720035370278778,0.0,False,True
1783181383.2578137,0.020720035370278778,0.0,False,True
1783181383.2743537,0.03214240161510893,1.6937549255014899,False,True
1783181383.2909374,0.03214240161510893,0.0,False,True
1783181383.3070095,0.03214240161510893,0.0,False,True
1783181383.3224616,-0.5356715554152491,-24.095183994910705,False,True
1783181383.3388538,-0.5356715554152491,0.0,False,True
1783181383.3554606,-1.552194609353332,-16.726744892193842,False,True
1783181383.3705287,-1.552194609353332,0.0,False,True
1783181383.3863125,-2.502422737985965,2.7388503377420133,False,True
1783181383.4022934,-2.502422737985965,0.0,False,True
1783181383.4193187,-2.928245538187537,19.331829069579932,False,True
1783181383.43485,-2.928245538187537,0.0,False,True
1783181383.451036,-2.928245538187537,0.0,False,True
1783181383.467372,-1.027913973571749,90.06856745598627,False,True
1783181383.483501,-1.027913973571749,0.0,False,True
1783181383.4996796,0.98236533472068,5.10116641586996,False,True
1783181383.5161016,0.98236533472068,0.0,False,True
1783181383.5323203,4.32192543723919,53.97515291898944,False,True
1783181383.5480728,4.32192543723919,0.0,False,True
1783181383.5635448,6.12888558726823,-63.11779095667901,False,True
1783181383.5798192,6.12888558726823,0.0,False,True
1783181383.5959127,7.304191741498046,-26.551357388782755,False,True
1783181383.6118443,7.304191741498046,0.0,False,True
1783181383.6275945,7.304191741498046,0.0,False,True
1783181383.643755,7.153464305915255,-51.97346243516971,False,True
1783181383.65946,7.153464305915255,0.0,False,True
1783181383.6752994,7.153464305915255,0.0,False,True
1783181383.6913927,6.892125398073708,-1.8150829762190501,False,True
1783181383.7078788,6.892125398073708,0.0,False,True
1783181383.724009,6.677126694975942,-1.049589245529256,False,True
1783181383.7402313,6.677126694975942,0.0,False,True
1783181383.7554631,6.645050809779663,7.790248209728009,False,True
1783181383.7722015,6.645050809779663,0.0,False,True
1783181383.7874246,6.645050809779663,0.0,False,True
1783181383.8042386,6.687217707411249,2.358846349461156,False,True
1783181383.8201923,6.687217707411249,0.0,False,True
1783181383.8361213,6.687217707411249,0.0,False,True
1783181383.8520038,6.687217707411249,0.0,False,True
1783181383.8674295,6.822424804779408,2.7256199293144006,False,True
1783181383.8835773,6.822424804779408,0.0,False,True
1783181383.899604,7.1295233172156065,8.611444620354114,False,True
1783181383.916027,7.1295233172156065,0.0,False,True
1783181383.9320302,7.1295233172156065,0.0,False,True
1783181383.9482138,7.213777880691089,-9.885955168345786,False,True
1783181383.9642277,7.213777880691089,0.0,False,True
1783181383.9799216,7.213777880691089,0.0,False,True
1783181383.9957182,7.357813477418597,1.8545744880271737,False,True
1783181384.0119317,7.357813477418597,0.0,False,True
1783181384.0273833,7.357813477418597,0.0,False,True
1783181384.0440998,7.534267864128448,0.7494131473567732,False,True
1783181384.0597577,7.534267864128448,0.0,False,True
1783181384.0768433,7.534267864128448,0.0,False,True
1783181384.0929523,7.499052581705223,-6.0882830804037456,False,True
1783181384.1086555,7.499052581705223,0.0,False,True
1783181384.1245217,7.499052581705223,0.0,False,True
1783181384.1410954,7.3614256676081435,-2.9415032016769596,False,True
1783181384.1566076,7.3614256676081435,0.0,False,True
1783181384.1725876,7.3614256676081435,0.0,False,True
1783181384.189235,7.272918565232778,1.425876088717727,False,True
1783181384.2047157,7.272918565232778,0.0,False,True
1783181384.2212222,6.1969378996022515,-39.59832764800424,False,True
1783181384.2367425,6.1969378996022515,0.0,False,True
1783181384.2525837,6.1969378996022515,0.0,False,True
1783181384.268666,4.456594797556479,-24.387154770538444,False,True
1783181384.284827,4.456594797556479,0.0,False,True
1783181384.300688,0.20581848022879198,-96.21748666119828,True,False
1783181384.3162284,0.20581848022879198,0.0,True,False
1783181384.3333635,-1.7802912361732801,81.91494628298585,False,True
1783181384.3497388,-1.7802912361732801,0.0,False,True
1783181384.3661869,0.2114452360364568,151.47253248122766,False,True
1783181384.3816414,0.2114452360364568,0.0,False,True
1783181384.3973362,0.2114452360364568,0.0,False,True
1783181384.4142065,2.5103893267506847,6.561862073283223,False,True
1783181384.430155,2.5103893267506847,0.0,False,True
1783181384.445766,6.234452202750214,65.53738144962735,False,True
1783181384.4623294,6.234452202750214,0.0,False,True
1783181384.4788895,6.974600493530609,-116.49373171838029,True,False
1783181384.4947245,6.974600493530609,0.0,True,False
1783181384.5111938,6.974600493530609,0.0,True,False
1783181384.5271776,7.28493192268086,-21.134754074167017,True,False
1783181384.542593,7.28493192268086,0.0,True,False
1783181384.5588791,6.8915590856239985,-23.916745169922212,True,False
1783181384.5749328,6.8915590856239985,0.0,True,False
1783181384.5913181,6.8915590856239985,0.0,True,False
1783181384.6075974,6.8915590856239985,0.0,True,False
1783181384.6240864,6.419692225721155,1.8595755721373701,True,False
1783181384.639454,6.419692225721155,0.0,True,False
1783181384.6558628,6.083661121960919,0.42845562512666124,True,False
1783181384.6719236,6.083661121960919,0.0,True,False
1783181384.6878796,5.969124429007159,8.425049988917394,True,False
1783181384.7033265,5.969124429007159,0.0,True,False
1783181384.7201054,5.969124429007159,0.0,True,False
1783181384.7360725,6.106925393260799,8.733850093810105,True,False
1783181384.7517717,6.106925393260799,0.0,True,False
1783181384.7679386,6.215326168754863,0.3066370589573787,True,False
1783181384.7833974,6.215326168754863,0.0,True,False
1783181384.7998905,6.215326168754863,0.0,True,False
1783181384.8162503,6.288411647929766,-1.472676808500245,True,False
1783181384.8323355,6.288411647929766,0.0,True,False
1783181384.8486533,6.295142453238012,-2.560711739581302,True,False
1783181384.8647428,6.295142453238012,0.0,True,False
1783181384.8811662,6.2875803635999175,-0.5621437323706432,True,False
1783181384.8965583,6.2875803635999175,0.0,True,False
1783181384.913294,6.2670398473620565,-0.47038278977971654,True,False
1783181384.9295044,6.2670398473620565,0.0,True,False
1783181384.9454105,6.2670398473620565,0.0,True,False
1783181384.9617448,6.257161851536274,0.40878316677635934,True,False
1783181384.9780388,6.257161851536274,0.0,True,False
1783181384.9942324,6.253384703362523,0.22941044894131146,True,False
1783181385.0100281,6.253384703362523,0.0,True,False
1783181385.0259078,6.251481841576228,0.07052838299169115,True,False
1783181385.0414445,6.251481841576228,0.0,True,False
1783181385.0575504,6.2624599902572955,0.50363693737308,True,False
1783181385.0738547,6.2624599902572955,0.0,True,False
1783181385.0897105,6.2624599902572955,0.0,True,False
1783181385.106287,6.272879619779245,-0.016811807429582964,True,False
1783181385.1215794,6.272879619779245,0.0,True,False
1783181385.1377122,6.319810815726278,1.4181875267947512,True,False
1783181385.153924,6.319810815726278,0.0,True,False
1783181385.170183,6.405726648979694,1.5548627874958199,True,False
1783181385.1854243,6.405726648979694,0.0,True,False
1783181385.201548,6.414743486195023,-3.0352162795106445,True,False
1783181385.2177882,6.414743486195023,0.0,True,False
1783181385.2336197,6.414743486195023,0.0,True,False
1783181385.2498279,6.473807536712553,1.9846978365604782,True,False
1783181385.2661622,6.473807536712553,0.0,True,False
1783181385.282482,6.465932416569,-2.6383251880967498,True,False
1783181385.2991438,6.465932416569,0.0,True,False
1783181385.313435,6.490455304299543,1.4406054553200733,True,False
1783181385.3297935,6.490455304299543,0.0,True,False
1783181385.3457572,6.5343029549355425,0.7435948364575672,True,False
1783181385.3622112,6.5343029549355425,0.0,True,False
1783181385.3775606,6.5343029549355425,0.0,True,False
1783181385.393567,6.525591354935079,-2.0389653753217534,True,False
1783181385.4102354,6.525591354935079,0.0,True,False
1783181385.426241,6.618901722078853,4.006077917215937,True,False
1783181385.441932,6.618901722078853,0.0,True,False
1783181385.458161,6.81005815149114,3.8653916593863644,True,False
1783181385.473426,6.81005815149114,0.0,True,False
1783181385.4897034,6.81005815149114,0.0,True,False
1783181385.5057173,6.883786577139912,-4.725732647475018,True,False
1783181385.5215328,6.883786577139912,0.0,True,False
1783181385.5377285,6.4952247981420514,-17.304688192385296,True,False
1783181385.5540984,6.4952247981420514,0.0,True,False
1783181385.5695965,1.8101244994583223,-182.0381576589118,True,False
1783181385.5861619,1.8101244994583223,0.0,True,False
1783181385.6023674,-1.2542778921166682,67.32496324306494,True,False
1783181385.6189382,-1.2542778921166682,0.0,True,False
1783181385.6354566,-1.2542778921166682,0.0,True,False
1783181385.6520052,-3.338157036763095,38.423420254418176,True,False
1783181385.6680517,-3.338157036763095,0.0,True,False
1783181385.6842396,-4.508579395555049,36.91420828132394,True,False
1783181385.6999092,-4.508579395555049,0.0,True,False
1783181385.7158577,-4.394992185171788,50.824436276013415,True,False
1783181385.7317932,-4.394992185171788,0.0,True,False
1783181385.7482803,-3.4415791984504223,31.234870620091606,True,False
1783181385.764126,-3.4415791984504223,0.0,True,False
1783181385.7801666,-3.4415791984504223,0.0,True,False
1783181385.7962222,-2.9381767881657006,-16.61431478038801,True,False
1783181385.8121016,-2.9381767881657006,0.0,True,False
1783181385.827845,-2.627520638574102,-8.119489828503644,True,False
1783181385.843641,-2.627520638574102,0.0,True,False
1783181385.8597014,-2.5379965117764365,-8.591571000794865,True,False
1783181385.876076,-2.5379965117764365,0.0,True,False
1783181385.8915215,-2.4605779630321956,-0.4982820415972034,True,False
1783181385.9079304,-2.4605779630321956,0.0,True,False
1783181385.9240713,-2.4605779630321956,0.0,True,False
1783181385.9398677,-2.3986628670396364,-0.6859479696889427,True,False
1783181385.955655,-2.3986628670396364,0.0,True,False
1783181385.9720852,-2.3572675051766914,-0.7186200191799332,True,False
1783181385.988309,-2.3572675051766914,0.0,True,False
1783181386.0047383,-2.03517859828614,10.757267513497304,True,False
1783181386.0203803,-2.03517859828614,0.0,True,False
1783181386.0371432,-1.7972572297927902,-2.9773597182636165,True,False
1783181386.0524082,-1.7972572297927902,0.0,True,False
1783181386.0686214,-1.7972572297927902,0.0,True,False
1783181386.0848966,-1.5629597414248755,-0.23196414590452086,True,False
1783181386.101339,-1.5629597414248755,0.0,True,False
1783181386.117447,-1.3758584208841325,-1.9036352105534449,True,False
1783181386.134086,-1.3758584208841325,0.0,True,False
1783181386.1500132,-1.0959649870240054,3.51236034656467,True,False
1783181386.1655793,-1.0959649870240054,0.0,True,False
1783181386.1819587,-1.0959649870240054,0.0,True,False
1783181386.1977053,-0.794159417781767,1.079823686914386,True,False
1783181386.2134404,-0.794159417781767,0.0,True,False
1783181386.2300243,-0.5217137719643797,-1.546402332639858,True,False
1783181386.2462318,-0.5217137719643797,0.0,True,False
1783181386.2618775,-0.4607286753158393,-8.135093402868165,True,False
1783181386.2774792,-0.4607286753158393,0.0,True,False
1783181386.2938805,-0.3866014929650937,0.5679589254423442,True,False
1783181386.3100224,-0.3866014929650937,0.0,True,False
1783181386.3261852,-0.3866014929650937,0.0,True,False
1783181386.3414583,-0.28272472265988036,0.9833472349043241,True,False
1783181386.358182,-0.28272472265988036,0.0,True,False
1783181386.373818,-0.25696270172515656,-2.9664456175179073,True,False
1783181386.3896449,-0.25696270172515656,0.0,True,False
1783181386.4063473,-0.18319141297812752,1.7199658191620895,True,False
1783181386.4229019,-0.18319141297812752,0.0,True,False
1783181386.438785,-0.18319141297812752,0.0,True,False
1783181386.4548023,0.1408588053781614,10.221034555011782,True,False
1783181386.4706852,0.1408588053781614,0.0,True,False
1783181386.4866586,0.6527195337190956,6.6233020269169245,True,False
1783181386.5027468,0.6527195337190956,0.0,True,False
1783181386.5190284,1.248030817722737,3.269747476165138,True,False
1783181386.5348823,1.248030817722737,0.0,True,False
1783181386.5508306,1.248030817722737,0.0,True,False
1783181386.5669239,1.914563685567949,2.708805987335575,True,False
1783181386.583408,1.914563685567949,0.0,True,False
1783181386.5997949,2.581256315870304,-0.3987590620243024,True,False
1783181386.616262,2.581256315870304,0.0,True,False
1783181386.6315286,3.22484183956639,0.3526236294139509,True,False
1783181386.6475947,3.22484183956639,0.0,True,False
1783181386.6641054,3.9867360088629256,5.360231599556825,True,False
1783181386.680067,3.9867360088629256,0.0,True,False
1783181386.6959867,3.9867360088629256,0.0,True,False
1783181386.7118576,4.605571340519526,-6.871939930529576,True,False
1783181386.727613,4.605571340519526,0.0,True,False
1783181386.7438104,5.942379154576035,25.93139521546462,True,False
1783181386.7595193,5.942379154576035,0.0,True,False
1783181386.7756937,6.408346493500483,-32.48012895188324,True,False
1783181386.7917385,6.408346493500483,0.0,True,False
1783181386.808032,6.408346493500483,0.0,True,False
1783181386.8235424,6.786118461673257,-3.3536336819689634,True,False
1783181386.8402116,6.786118461673257,0.0,True,False
1783181386.8562522,6.80252593613365,-13.981839607342641,True,False
1783181386.8718312,6.80252593613365,0.0,True,False
1783181386.8882747,6.211749048372981,-23.374992270727724,True,False
1783181386.9043639,6.211749048372981,0.0,True,False
1783181386.9209726,4.274159060317012,-52.155474137443825,True,False
1783181386.936588,4.274159060317012,0.0,True,False
1783181386.9527102,4.274159060317012,0.0,True,False
1783181386.968928,-0.24611963674768986,-101.76071939899884,True,False
1783181386.984992,-0.24611963674768986,0.0,True,False
1783181387.0010543,-2.0576570461179604,107.34888841183734,False,True
1783181387.017416,-2.0576570461179604,0.0,False,True
1783181387.034441,-3.581266139027408,10.298287222664586,False,True
1783181387.0510213,-3.581266139027408,0.0,False,True
1783181387.0673804,-4.036321572240824,43.11195371726095,False,True
1783181387.082713,-4.036321572240824,0.0,False,True
1783181387.0989778,-3.447626791950073,40.597407817256176,False,True
1783181387.114995,-3.447626791950073,0.0,False,True
1783181387.1307971,-3.447626791950073,0.0,False,True
1783181387.1466973,-2.911360075237481,-1.9913349696756801,False,True
1783181387.1624212,-2.911360075237481,0.0,False,True
1783181387.178893,-2.552141334201522,-6.833682994248777,False,True
1783181387.1949296,-2.552141334201522,0.0,False,True
1783181387.2111719,-2.569538556567141,-14.795614135891153,False,True
1783181387.2269084,-2.569538556567141,0.0,False,True
1783181387.2433374,-2.4814146243125643,4.226167914266818,False,True
1783181387.2586112,-2.4814146243125643,0.0,False,True
1783181387.2748647,-2.4814146243125643,0.0,False,True
1783181387.290965,-2.339581931059156,1.977261057419745,False,True
1783181387.3072317,-2.339581931059156,0.0,False,True
1783181387.3232217,-2.067954580753964,4.991964029601887,False,True
1783181387.3390045,-2.067954580753964,0.0,False,True
1783181387.3546329,-1.7418625202624836,2.2597887290207526,False,True
1783181387.3711653,-1.7418625202624836,0.0,False,True
1783181387.3870444,-1.1976570381998346,8.232743223847358,False,True
1783181387.402747,-1.1976570381998346,0.0,False,True
1783181387.4190142,-1.1976570381998346,0.0,False,True
1783181387.435164,-0.06302406757140636,22.515760796690884,False,True
1783181387.450583,-0.06302406757140636,0.0,False,True
1783181387.4664993,0.30017704495723535,-29.169740421573223,False,True
1783181387.4829562,0.30017704495723535,0.0,False,True
1783181387.4990551,0.6802921958347715,1.0585495647598424,False,True
1783181387.5146685,0.6802921958347715,0.0,False,True
1783181387.5304883,1.130001431701846,1.9992412767224328,False,True
1783181387.5472484,1.130001431701846,0.0,False,True
1783181387.5632837,1.130001431701846,0.0,False,True
1783181387.5793545,1.1482637093232142,-16.96819422577786,False,True
1783181387.594542,1.1482637093232142,0.0,False,True
1783181387.6107714,1.1825567856930124,0.6709079839785824,False,True
1783181387.6265287,1.1825567856930124,0.0,False,True
1783181387.642901,1.172973636027973,-1.721374372314251,False,True
1783181387.6591902,1.172973636027973,0.0,False,True
1783181387.6746862,1.172973636027973,0.0,False,True
1783181387.691047,1.1676508185534091,0.1532670419290727,False,True
1783181387.706534,1.1676508185534091,0.0,False,True
1783181387.723487,1.1676508185534091,0.0,False,True
1783181387.7398925,1.2202347479434141,1.6606493063064756,False,True
1783181387.7557516,1.2202347479434141,0.0,False,True
1783181387.7717566,1.3179937851336458,2.3551777545904,False,True
1783181387.788277,1.3179937851336458,0.0,False,True
1783181387.8039083,1.4226602755522155,0.46314036347145776,False,True
1783181387.8199325,1.4226602755522155,0.0,False,True
1783181387.8361418,1.451726651698089,-3.118987555091939,False,True
1783181387.8523304,1.451726651698089,0.0,False,True
1783181387.8675256,1.451726651698089,0.0,False,True
1783181387.8843489,1.5016192980702079,0.7807709722697388,False,True
1783181387.900377,1.5016192980702079,0.0,False,True
1783181387.9172616,1.5319416928832121,-0.7521811132127659,False,True
1783181387.9328191,1.5319416928832121,0.0,False,True
1783181387.948829,1.4327084248892643,-5.282480732917337,False,True
1783181387.9655313,1.4327084248892643,0.0,False,True
1783181387.981981,1.312938537302752,-0.6459768044044188,False,True
1783181387.9984288,1.312938537302752,0.0,False,True
1783181388.0150585,1.212111541382672,0.6729503732789246,False,True
1783181388.0309553,1.212111541382672,0.0,False,True
1783181388.046742,1.212111541382672,0.0,False,True
1783181388.0626173,0.9320518506565748,-7.330163041406232,False,True
1783181388.0793917,0.9320518506565748,0.0,False,True
1783181388.0949862,0.9320518506565748,0.0,False,True
1783181388.1114624,0.7679017709102541,6.339750937114276,False,True
1783181388.1267185,0.7679017709102541,0.0,False,True
1783181388.1427877,0.2747968952615359,-14.445950883649143,False,True
1783181388.1594121,0.2747968952615359,0.0,False,True
1783181388.1756105,-0.52896153221525,-11.119824705418749,False,True
1783181388.192283,-0.52896153221525,0.0,False,True
1783181388.2083876,-0.52896153221525,0.0,False,True
1783181388.2247856,-1.828796676819964,-18.11555541785943,False,True
1783181388.2405767,-1.828796676819964,0.0,False,True
1783181388.2566876,-3.5267364847528504,-16.977214816560448,False,True
1783181388.2733424,-3.5267364847528504,0.0,False,True
1783181388.2894456,-3.4628185130780618,68.25229541528323,False,True
1783181388.3049114,-3.4628185130780618,0.0,False,True
1783181388.321109,-2.2444622216161947,44.24077563384086,False,True
1783181388.3374293,-2.2444622216161947,0.0,False,True
1783181388.3525622,-2.2444622216161947,0.0,False,True
1783181388.3687615,-1.1387137836864853,-3.641133950089916,False,True
1783181388.3852036,-1.1387137836864853,0.0,False,True
1783181388.4010942,0.4860236457126126,18.338710387126508,False,True
1783181388.4166024,0.4860236457126126,0.0,False,True
1783181388.4334595,2.411722371206446,16.38542229501936,False,True
1783181388.4498339,2.411722371206446,0.0,False,True
1783181388.4660287,7.727457043503568,128.03400083448682,False,True
1783181388.4816904,7.727457043503568,0.0,False,True
1783181388.4980552,7.727457043503568,0.0,False,True
1783181388.514655,8.465760922177111,-173.60927989616204,True,False
1783181388.5306056,8.465760922177111,0.0,True,False
1783181388.547324,8.374026098614753,-31.27847505894474,True,False
1783181388.562635,8.374026098614753,0.0,True,False
1783181388.5790021,7.687542406853167,-23.066834540445633,True,False
1783181388.5945942,7.687542406853167,0.0,True,False
1783181388.6108894,7.103211869294123,3.663678178925325,True,False
1783181388.6272473,7.103211869294123,0.0,True,False
1783181388.6431007,7.103211869294123,0.0,True,False
1783181388.6592262,6.83550324527511,13.045398531798863,True,False
1783181388.6746907,6.83550324527511,0.0,True,False
1783181388.6913745,6.6752212354261165,3.719821455993125,True,False
1783181388.7076054,6.6752212354261165,0.0,True,False
1783181388.722799,6.658874808408697,6.126815252978555,True,False
1783181388.7389865,6.658874808408697,0.0,True,False
1783181388.7548249,6.658874808408697,0.0,True,False
1783181388.771168,6.6696100661996365,1.0254767710976294,True,False
1783181388.7872016,6.6696100661996365,0.0,True,False
1783181388.8033953,6.686499425794989,0.21935435812961507,True,False
1783181388.8184514,6.686499425794989,0.0,True,False
1783181388.8353426,6.6498826499469095,-2.0066416341391387,True,False
1783181388.8508415,6.6498826499469095,0.0,True,False
1783181388.8673584,6.565116327055864,-1.910584603801501,True,False
1783181388.8834395,6.565116327055864,0.0,True,False
1783181388.901693,6.565116327055864,0.0,True,False
1783181388.918017,6.570858683340648,3.546022747993064,True,False
1783181388.9339416,6.570858683340648,0.0,True,False
1783181388.9497387,6.543460071381534,-1.2365650006603177,True,False
1783181388.9658988,6.543460071381534,0.0,True,False
1783181388.981885,6.543460071381534,0.0,True,False
1783181388.998468,6.5243249452138246,0.39598031736675643,True,False
1783181389.013694,6.5243249452138246,0.0,True,False
1783181389.0299125,6.5243249452138246,0.0,True,False
1783181389.0457232,6.378335830311172,-4.592155894132861,True,False
1783181389.0615025,6.378335830311172,0.0,True,False
1783181389.0785544,5.69286786409012,-19.898714199096638,True,False
1783181389.0953915,5.69286786409012,0.0,True,False
1783181389.1108203,3.8206051344243868,-50.72113715453344,True,False
1783181389.1272855,3.8206051344243868,0.0,True,False
1783181389.1433961,0.4993034128819489,-58.53247351286916,True,False
1783181389.158841,0.4993034128819489,0.0,True,False
1783181389.1753895,0.4993034128819489,0.0,True,False
1783181389.1911101,-2.787789659605441,4.782811121595882,True,False
1783181389.207057,-2.787789659605441,0.0,True,False
1783181389.2233942,-3.4548589656197586,101.3778369471111,False,True
1783181389.2391176,-3.4548589656197586,0.0,False,True
1783181389.2551389,-3.452923631789329,26.756079877125547,False,True
1783181389.2714312,-3.452923631789329,0.0,False,True
1783181389.2883673,-3.054670895939902,14.929552775345805,False,True
1783181389.30358,-3.054670895939902,0.0,False,True
1783181389.3202395,-2.567208362680033,3.669308449973996,False,True
1783181389.3355806,-2.567208362680033,0.0,False,True
1783181389.3515692,-2.567208362680033,0.0,False,True
1783181389.3678176,-2.423830000125812,-13.778009995685997,False,True
1783181389.3842416,-2.423830000125812,0.0,False,True
1783181389.4002583,-2.3874483218772684,-4.284509782963201,False,True
1783181389.4156928,-2.3874483218772684,0.0,False,True
1783181389.4317183,-2.291455763887966,2.5032275251174196,False,True
1783181389.4476347,-2.291455763887966,0.0,False,True
1783181389.4644177,-2.2145048125792646,-0.8232589143032021,False,True
1783181389.480394,-2.2145048125792646,0.0,False,True
1783181389.4964182,-2.2145048125792646,0.0,False,True
1783181389.5125644,-2.0501469117504816,3.4833431953468272,False,True
1783181389.5292556,-2.0501469117504816,0.0,False,True
1783181389.544662,-1.8754680964139185,0.39995012675843633,False,True
1783181389.561399,-1.8754680964139185,0.0,False,True
1783181389.577555,-1.6806150494973344,0.7574504505717724,False,True
1783181389.5934823,-1.6806150494973344,0.0,False,True
1783181389.6099424,-1.517618376758679,-1.3001989723535412,False,True
1783181389.6264436,-1.517618376758679,0.0,False,True
1783181389.642925,-1.4273694739359264,-2.669983423432876,False,True
1783181389.6595232,-1.4273694739359264,0.0,False,True
1783181389.6757486,-1.4273694739359264,0.0,False,True
1783181389.6922998,-1.4042571718025958,-2.629177081177766,False,True
1783181389.7077596,-1.4042571718025958,0.0,False,True
1783181389.724272,-1.3557595244465044,1.001346989816878,False,True
1783181389.7397916,-1.3557595244465044,0.0,False,True
1783181389.7564292,-1.3635917814917997,-2.1893617433965726,False,True
1783181389.772117,-1.3635917814917997,0.0,False,True
1783181389.7877715,-1.3870288040664773,-0.6500189552926893,False,True
1783181389.8040006,-1.3870288040664773,0.0,False,True
1783181389.8201566,-1.5219072843479933,-4.554139317479769,False,True
1783181389.8364437,-1.5219072843479933,0.0,False,True
1783181389.8533611,-1.5219072843479933,0.0,False,True
1783181389.8686907,-1.611818477911745,1.9740262031352784,False,True
1783181389.8848054,-1.611818477911745,0.0,False,True
1783181389.9007442,-0.6078634039355651,43.73360410776666,False,True
1783181389.9173756,-0.6078634039355651,0.0,False,True
1783181389.9334779,0.5444759229186447,6.692190362280707,False,True
1783181389.9491112,0.5444759229186447,0.0,False,True
1783181389.9650693,4.284461790480077,101.86368156935266,False,True
1783181389.9807632,4.284461790480077,0.0,False,True
1783181389.9966729,4.284461790480077,0.0,False,True
1783181390.012638,9.706038441193446,67.69636604127476,False,True
1783181390.029237,9.706038441193446,0.0,False,True
1783181390.045622,10.134131686720918,-194.91875325256976,True,False
1783181390.061489,10.134131686720918,0.0,True,False
1783181390.0795243,9.73372150825918,-29.40318921645695,True,False
1783181390.0949993,9.73372150825918,0.0,True,False
1783181390.1106296,9.234943117059244,-4.07413308727337,True,False
1783181390.1270397,9.234943117059244,0.0,True,False
1783181390.1431634,9.234943117059244,0.0,True,False
1783181390.1588104,8.731093891447228,0.7359151541653243,True,False
1783181390.1750941,8.731093891447228,0.0,True,False
1783181390.1909049,8.470934368248654,9.26018436378593,True,False
1783181390.2074416,8.470934368248654,0.0,True,False
1783181390.222934,8.279955885638225,2.917064326314439,True,False
1783181390.2385616,8.279955885638225,0.0,True,False
1783181390.2553887,8.013863070535356,-2.534605395521099,True,False
1783181390.2709055,8.013863070535356,0.0,True,False
1783181390.286751,8.013863070535356,0.0,True,False
1783181390.302838,7.521110191845057,-9.123704750895284,True,False
1783181390.3192663,7.521110191845057,0.0,True,False
1783181390.3352883,7.01403064728252,-0.1917053251430739,True,False
1783181390.3510253,7.01403064728252,0.0,True,False
1783181390.367395,6.502311497054013,-0.1009210772635405,True,False
1783181390.3828273,6.502311497054013,0.0,True,False
1783181390.399195,5.964078273348623,-1.7217859813790686,True,False
1783181390.4149706,5.964078273348623,0.0,True,False
1783181390.4315674,5.964078273348623,0.0,True,False
1783181390.4483957,5.080582793176376,-13.92560958162033,True,False
1783181390.4639065,5.080582793176376,0.0,True,False
1783181390.479933,4.40449924771026,9.579673385244197,True,False
1783181390.4962637,4.40449924771026,0.0,True,False
1783181390.5120208,3.711409443289906,-0.9346855354638256,True,False
1783181390.5276651,3.711409443289906,0.0,True,False
1783181390.5441177,2.8881651915687554,-4.655869400225637,True,False
1783181390.5604854,2.8881651915687554,0.0,True,False
1783181390.5756996,2.8881651915687554,0.0,True,False
1783181390.5919056,2.1937362400482856,4.078769901465853,True,False
1783181390.6083765,2.1937362400482856,0.0,True,False
1783181390.624012,2.1937362400482856,0.0,True,False
1783181390.640155,1.5204206116242125,8.973379366361087,True,False
1783181390.6560054,1.5204206116242125,0.0,True,False
1783181390.671831,0.9039102783276586,-5.856458084584671,True,False
1783181390.6880906,0.9039102783276586,0.0,True,False
1783181390.7043927,0.7264882247025939,17.349168039895527,True,False
1783181390.7196054,0.7264882247025939,0.0,True,False
1783181390.7359023,0.7264882247025939,0.0,True,False
1783181390.7517786,0.6762890422338429,5.78703050573597,True,False
1783181390.7679935,0.6762890422338429,0.0,True,False
1783181390.783898,0.6762890422338429,0.0,True,False
1783181390.8000176,0.6762890422338429,0.0,True,False
1783181390.8165102,0.636683539443604,0.28151941797310626,True,False
1783181390.8317068,0.636683539443604,0.0,True,False
1783181390.8481088,0.636683539443604,0.0,True,False
1783181390.863856,0.5570231207723016,-1.17078266340792,True,False
1783181390.8798904,0.5570231207723016,0.0,True,False
1783181390.8965883,0.5570231207723016,0.0,True,False
1783181390.9130971,0.4348061399397968,-1.2095353068873327,True,False
1783181390.9295475,0.4348061399397968,0.0,True,False
1783181390.946058,0.4186428552512971,2.823375735344084,True,False
1783181390.96228,0.4186428552512971,0.0,True,False
1783181390.9784386,0.4144760425479294,0.4408707278213824,True,False
1783181390.9940898,0.4144760425479294,0.0,True,False
1783181391.0102835,0.406833422240381,-0.1300768700279559,True,False
1783181391.026489,0.406833422240381,0.0,True,False
1783181391.0425732,0.406833422240381,0.0,True,False
1783181391.058933,0.7037863692071263,11.655047516226917,True,False
1783181391.075478,0.7037863692071263,0.0,True,False
1783181391.0910246,0.8659205844535635,-5.30254247869062,True,False
1783181391.107479,0.8659205844535635,0.0,True,False
1783181391.1225848,1.1180543172237987,3.395118317304257,True,False
1783181391.139265,1.1180543172237987,0.0,True,False
1783181391.154772,1.1180543172237987,0.0,True,False
1783181391.1709044,1.3389343569552459,-1.1464092513935265,True,False
1783181391.1875052,1.3389343569552459,0.0,True,False
1783181391.2026887,1.7522346380567035,7.932215030162091,True,False
1783181391.2192788,1.7522346380567035,0.0,True,False
1783181391.2351565,2.414334422436643,10.847536242056108,True,False
1783181391.250645,2.414334422436643,0.0,True,False
1783181391.2665846,2.414334422436643,0.0,True,False
1783181391.283536,3.424759226486225,2.271195961601193,True,False
1783181391.2999325,3.424759226486225,0.0,True,False
1783181391.3148727,3.424759226486225,0.0,True,False
1783181391.3313372,6.755193385721112,65.6436992910376,True,False
1783181391.347279,6.755193385721112,0.0,True,False
1783181391.363242,6.755193385721112,0.0,True,False
1783181391.3785856,7.174694528370537,-87.90767198604715,True,False
1783181391.3949924,7.174694528370537,0.0,True,False
1783181391.4113271,7.174694528370537,0.0,True,False
1783181391.4275434,6.329983657712804,-44.06393947084367,True,False
1783181391.4439237,6.329983657712804,0.0,True,False
1783181391.4601326,2.3171183178243444,-125.76581474032906,True,False
1783181391.475582,2.3171183178243444,0.0,True,False
1783181391.4927626,-0.7933593066142874,28.690406994842206,True,False
1783181391.5088336,-0.7933593066142874,0.0,True,False
1783181391.5251725,-4.401886649582472,-14.343378033160999,True,False
1783181391.5408785,-4.401886649582472,0.0,True,False
1783181391.5568645,-4.480300141759002,140.51973538313763,False,True
1783181391.5732605,-4.480300141759002,0.0,False,True
1783181391.5888133,-4.480300141759002,0.0,False,True
1783181391.6057303,-4.178730968998065,14.280768051010046,False,True
1783181391.6221375,-4.178730968998065,0.0,False,True
1783181391.6382103,-3.5272274620601674,13.38784981156502,False,True
1783181391.6537242,-3.5272274620601674,0.0,False,True
1783181391.670268,-3.186977590325948,-11.317584443181383,False,True
1783181391.6863883,-3.186977590325948,0.0,False,True
1783181391.7020078,-3.165525259088785,-13.123513811007546,False,True
1783181391.7184474,-3.165525259088785,0.0,False,True
1783181391.7337992,-3.165525259088785,0.0,False,True
1783181391.7501993,-3.29101542197007,-5.789452249366619,False,True
1783181391.7661996,-3.29101542197007,0.0,False,True
1783181391.7822974,-3.282744142888073,5.37952929999582,False,True
1783181391.7979705,-3.282744142888073,0.0,False,True
1783181391.8143659,-3.23260470898053,1.6081378440436251,False,True
1783181391.8296113,-3.23260470898053,0.0,False,True
1783181391.8462064,-2.517933984028239,25.361216668857587,False,True
1783181391.8622074,-2.517933984028239,0.0,False,True
1783181391.8777719,-2.517933984028239,0.0,False,True
1783181391.8942435,-2.0753971732696423,-10.192327675056006,False,True
1783181391.9097018,-2.0753971732696423,0.0,False,True
1783181391.925683,-1.8442455765374997,-8.90965512998898,False,True
1783181391.942268,-1.8442455765374997,0.0,False,True
1783181391.9581528,-1.685239068582119,-2.781188768244333,False,True
1783181391.9736269,-1.685239068582119,0.0,False,True
1783181391.9898374,-1.7985976757746716,-10.585750936217005,False,True
1783181392.0062523,-1.7985976757746716,0.0,False,True
1783181392.022181,-1.7985976757746716,0.0,False,True
1783181392.0389051,-1.9933520076770859,-3.09692211786751,False,True
1783181392.0554383,-1.9933520076770859,0.0,False,True
1783181392.0710473,-2.232860609687741,-1.99272149072493,False,True
1783181392.0873618,-2.232860609687741,0.0,False,True
1783181392.1028059,-2.39767311913441,3.324744017239436,False,True
1783181392.118742,-2.39767311913441,0.0,False,True
1783181392.1346874,-2.799435433513918,-9.917195796312015,False,True
1783181392.1507561,-2.799435433513918,0.0,False,True
1783181392.1669085,-2.86767348594039,13.431849489238791,False,True
1783181392.1832101,-2.86767348594039,0.0,False,True
1783181392.1995537,-2.86767348594039,0.0,False,True
1783181392.216597,-2.9216809897452616,0.6802116689714183,False,True
1783181392.2328315,-2.9216809897452616,0.0,False,True
1783181392.2491894,-2.983741560495544,-0.3643129401224795,False,True
1783181392.2649765,-2.983741560495544,0.0,False,True
1783181392.281385,-2.9317603122446796,4.386852757528082,False,True
1783181392.297496,-2.9317603122446796,0.0,False,True
1783181392.3134692,-2.8353858830163525,1.8709289266275098,False,True
1783181392.329503,-2.8353858830163525,0.0,False,True
1783181392.345259,-2.8353858830163525,0.0,False,True
1783181392.361589,-2.377527462953228,14.187803815417132,False,True
1783181392.3775384,-2.377527462953228,0.0,False,True
1783181392.3927045,-2.040930046743282,-5.012562668797099,False,True
1783181392.409342,-2.040930046743282,0.0,False,True
1783181392.4253912,-1.7089540518545898,-0.38111801621318087,False,True
1783181392.4410305,-1.7089540518545898,0.0,False,True
1783181392.4573584,-1.2608190606871668,4.505633681082808,False,True
1783181392.4735847,-1.2608190606871668,0.0,False,True
1783181392.4898832,-1.2608190606871668,0.0,False,True
1783181392.5063589,-0.742967889644259,2.7729515846574464,False,True
1783181392.5225468,-0.742967889644259,0.0,False,True
1783181392.5394015,-0.38353872976230663,-6.561849784949719,False,True
1783181392.555131,-0.38353872976230663,0.0,False,True
1783181392.5712109,0.18880312910219715,8.857257767548525,False,True
1783181392.5867746,0.18880312910219715,0.0,False,True
1783181392.6033347,0.95775152526656,8.004316719197577,False,True
1783181392.6190658,0.95775152526656,0.0,False,True
1783181392.6350162,1.6527156160743701,-3.224373466750636,False,True
1783181392.651323,1.6527156160743701,0.0,False,True
1783181392.6674902,1.6527156160743701,0.0,False,True
1783181392.6836317,2.8774299337778158,20.352313770485356,False,True
1783181392.6998935,2.8774299337778158,0.0,False,True
1783181392.7159145,3.7802410846831607,-12.365432581169056,False,True
1783181392.731641,3.7802410846831607,0.0,False,True
1783181392.7481432,4.956238244012164,12.211190858501666,False,True
1783181392.7642145,4.956238244012164,0.0,False,True
1783181392.7801962,5.3071584294490535,-35.17870272906001,False,True
1783181392.7963407,5.3071584294490535,0.0,False,True
1783181392.811813,5.3071584294490535,0.0,False,True
1783181392.8277733,5.177652124149186,-18.32374801337996,False,True
1783181392.8444343,5.177652124149186,0.0,False,True
1783181392.8603833,4.476402744478659,-23.995402303344406,False,True
1783181392.8760328,4.476402744478659,0.0,False,True
1783181392.891975,3.6432493237693566,-4.803067876168384,False,True
1783181392.9082155,3.6432493237693566,0.0,False,True
1783181392.9236293,3.6432493237693566,0.0,False,True
1783181392.940505,2.063020675824841,-26.929786268526797,False,True
1783181392.956633,2.063020675824841,0.0,False,True
1783181392.9732156,0.5854530448531343,2.7405548344548776,False,True
1783181392.9892561,0.5854530448531343,0.0,False,True
1783181393.0055525,-0.6099649946319645,11.135464669372864,False,True
1783181393.0211253,-0.6099649946319645,0.0,False,True
1783181393.0365891,-3.790864091744687,-84.48430345878899,True,False
1783181393.053185,-3.790864091744687,0.0,True,False
1783181393.0692184,-4.889027060164525,85.19803684144918,False,True
1783181393.085478,-4.889027060164525,0.0,False,True
1783181393.101469,-4.889027060164525,0.0,False,True
1783181393.1169114,-5.793144886125852,9.175755581618864,False,True
1783181393.133023,-5.793144886125852,0.0,False,True
1783181393.1491804,-6.238515856896527,17.39496036844709,False,True
1783181393.164859,-6.238515856896527,0.0,False,True
1783181393.1814237,-6.181965142595024,19.464585608115627,False,True
1783181393.1974623,-6.181965142595024,0.0,False,True
1783181393.2131436,-5.851015264300989,11.631338060998697,False,True
1783181393.2291434,-5.851015264300989,0.0,False,True
1783181393.2445772,-5.851015264300989,0.0,False,True
1783181393.260829,-4.452569016067948,42.92929605069828,False,True
1783181393.2770717,-4.452569016067948,0.0,False,True
1783181393.2933967,-2.0088762425370144,39.43588534643186,False,True
1783181393.3091955,-2.0088762425370144,0.0,False,True
1783181393.3254414,-0.3774132033567325,-35.01465558494808,False,True
1783181393.3407207,-0.3774132033567325,0.0,False,True
1783181393.3570654,1.7947353483019943,19.94141097290416,False,True
1783181393.3736079,1.7947353483019943,0.0,False,True
1783181393.3903997,1.7947353483019943,0.0,False,True
1783181393.406007,3.995213810145619,6.159259619891235,False,True
1783181393.4218194,3.995213810145619,0.0,False,True
1783181393.43804,6.038989980285663,-8.723888897858359,False,True
1783181393.4537313,6.038989980285663,0.0,False,True
1783181393.4701042,7.151143204200505,-33.46054312575913,False,True
1783181393.486034,7.151143204200505,0.0,False,True
1783181393.502153,8.498518720300218,8.360853064977618,False,True
1783181393.5184379,8.498518720300218,0.0,False,True
1783181393.5345755,8.498518720300218,0.0,False,True
1783181393.5502558,8.109941354721174,-70.38688708083279,False,True
1783181393.5665689,8.109941354721174,0.0,False,True
1783181393.5825832,7.142536813623038,-23.175953678918685,False,True
1783181393.59853,7.142536813623038,0.0,False,True
1783181393.6139855,5.405330511040679,-31.431102300257685,False,True
1783181393.630207,5.405330511040679,0.0,False,True
1783181393.6460776,1.5514560925264154,-87.21265985591396,True,False
1783181393.6626227,1.5514560925264154,0.0,True,False
1783181393.6783967,1.5514560925264154,0.0,True,False
1783181393.693772,0.7214797366152542,126.34586157993282,False,True
1783181393.7100623,0.7214797366152542,0.0,False,True
1783181393.7261035,-2.8119046984616514,-110.02434291691766,True,False
1783181393.7419748,-2.8119046984616514,0.0,True,False
1783181393.757991,-4.525984411211261,79.16212345308246,False,True
1783181393.7741296,-4.525984411211261,0.0,False,True
1783181393.7904105,-5.505232156246213,25.265522419917225,False,True
1783181393.8067079,-5.505232156246213,0.0,False,True
1783181393.823102,-5.505232156246213,0.0,False,True
1783181393.8395503,-6.2941053986916415,6.939141362343234,False,True
1783181393.8547876,-6.2941053986916415,0.0,False,True
1783181393.871715,-6.583109189254206,19.0024257439425,False,True
1783181393.8877962,-6.583109189254206,0.0,False,True
1783181393.9040043,-6.119904571844741,29.689660248952315,False,True
1783181393.9202445,-6.119904571844741,0.0,False,True
1783181393.935826,-3.989647554883338,63.477689854761536,False,True
1783181393.9520159,-3.989647554883338,0.0,False,True
1783181393.9679842,-3.989647554883338,0.0,False,True
1783181393.9839861,-1.6690264263865346,12.870732313263106,False,True
1783181394.0004702,-1.6690264263865346,0.0,False,True
1783181394.0164654,-0.9336255484586368,-64.79362749653251,False,True
1783181394.0320551,-0.9336255484586368,0.0,False,True
1783181394.0484087,0.8719655801896835,40.81707501871759,False,True
1783181394.0641575,0.8719655801896835,0.0,False,True
1783181394.080062,0.8719655801896835,0.0,False,True
1783181394.095796,2.3000185393829993,-13.002230038431298,False,True
1783181394.112401,2.3000185393829993,0.0,False,True
1783181394.1278462,4.113847176187416,12.536998678024293,False,True
1783181394.1436946,4.113847176187416,0.0,False,True
1783181394.1606395,5.536537052571441,-13.052252024380325,False,True
1783181394.1769648,5.536537052571441,0.0,False,True
1783181394.1932235,6.294617705004795,-25.851164924766483,False,True
1783181394.2094016,6.294617705004795,0.0,False,True
1783181394.225617,6.294617705004795,0.0,False,True
1783181394.2410054,6.702609456331108,-13.995591656706953,False,True
1783181394.257319,6.702609456331108,0.0,False,True
1783181394.273084,6.702609456331108,0.0,False,True
1783181394.2893836,6.682919707649577,-16.164910482811916,False,True
1783181394.3054898,6.682919707649577,0.0,False,True
1783181394.321532,6.682919707649577,0.0,False,True
1783181394.3371248,5.392554709996314,-38.44973657464749,False,True
1783181394.3531513,5.392554709996314,0.0,False,True
1783181394.3692758,5.392554709996314,0.0,False,True
1783181394.3851185,4.471908613570414,11.408384413131264,False,True
1783181394.4006567,4.471908613570414,0.0,False,True
1783181394.4175642,1.9690141080548178,-70.0201710650914,False,True
1783181394.4330225,1.9690141080548178,0.0,False,True
1783181394.4492526,0.20627828437373966,30.6536534871951,False,True
1783181394.464707,0.20627828437373966,0.0,False,True
1783181394.4813936,0.20627828437373966,0.0,False,True
1783181394.4970229,-0.680211118267728,35.06764583561134,False,True
1783181394.5130484,-0.680211118267728,0.0,False,True
1783181394.52975,-4.358878076566915,-108.49911606378257,True,False
1783181394.5450017,-4.358878076566915,0.0,True,False
1783181394.5610578,-5.382926851453662,106.34045964892529,False,True
1783181394.5776863,-5.382926851453662,0.0,False,True
1783181394.5940905,-5.807352054875675,24.095910205417177,False,True
1783181394.6104906,-5.807352054875675,0.0,False,True
1783181394.6257555,-5.807352054875675,0.0,False,True
1783181394.6420603,-6.094165930781795,5.38115138405019,False,True
1783181394.6584082,-6.094165930781795,0.0,False,True
1783181394.6740174,-6.169797218216861,8.51898924133387,False,True
1783181394.6905236,-6.169797218216861,0.0,False,True
1783181394.7066507,-5.581458331529827,25.226507131201096,False,True
1783181394.7217464,-5.581458331529827,0.0,False,True
1783181394.7384624,-5.581458331529827,0.0,False,True
1783181394.7544014,-4.671316291940627,11.38157564633729,False,True
1783181394.7706118,-4.671316291940627,0.0,False,True
1783181394.786547,-3.0739696812100505,28.42236020625652,False,True
1783181394.8021314,-3.0739696812100505,0.0,False,True
1783181394.817973,-1.641965523686422,-4.312314976571493,False,True
1783181394.8342757,-1.641965523686422,0.0,False,True
1783181394.8505924,-0.11281799892935593,1.7321732024271226,False,True
1783181394.866064,-0.11281799892935593,0.0,False,True
1783181394.88225,-0.11281799892935593,0.0,False,True
1783181394.898601,1.7724049729914282,13.790297704338164,False,True
1783181394.9146316,1.7724049729914282,0.0,False,True
1783181394.930212,3.395357738844882,-9.758064822656804,False,True
1783181394.9464803,3.395357738844882,0.0,False,True
1783181394.9621017,4.88564012341798,-4.83307193246987,False,True
1783181394.9785461,4.88564012341798,0.0,False,True
1783181394.9942057,4.88564012341798,0.0,False,True
1783181395.0106008,6.170660222606668,-7.428845775407348,False,True
1783181395.0258732,6.170660222606668,0.0,False,True
1783181395.042096,6.963747037499019,-20.28127576330969,False,True
1783181395.0586975,6.963747037499019,0.0,False,True
1783181395.0745797,6.963747037499019,0.0,False,True
1783181395.0905693,7.6371990485084575,-11.28035338329856,False,True
1783181395.1062193,7.6371990485084575,0.0,False,True
1783181395.1222036,7.6371990485084575,0.0,False,True
1783181395.137814,7.220128113642076,-32.93883234778931,False,True
1783181395.153944,7.220128113642076,0.0,False,True
1783181395.1697946,7.220128113642076,0.0,False,True
1783181395.1866794,6.667543545310903,-3.963605797241602,False,True
1783181395.2025886,6.667543545310903,0.0,False,True
1783181395.2185225,6.667543545310903,0.0,False,True
1783181395.234575,6.667543545310903,0.0,False,True
1783181395.2503903,5.894749160239224,-1.3238534238513904,False,True
1783181395.265871,5.894749160239224,0.0,False,True
1783181395.2819664,5.894749160239224,0.0,False,True
1783181395.298508,4.167188353646643,-30.89787419844219,False,True
1783181395.3144877,4.167188353646643,0.0,False,True
1783181395.330209,4.167188353646643,0.0,False,True
1783181395.3460329,3.2301984279668536,22.78129119776212,False,True
1783181395.3620129,3.2301984279668536,0.0,False,True
1783181395.3785195,0.2890871924443448,-84.60909328516037,True,False
1783181395.394618,0.2890871924443448,0.0,True,False
1783181395.4099915,0.2890871924443448,0.0,True,False
1783181395.4261515,-0.9290067249009137,66.15534754779694,True,False
1783181395.4425266,-0.9290067249009137,0.0,True,False
1783181395.4586294,-3.5153245095621433,-55.392387894378246,True,False
1783181395.4743483,-3.5153245095621433,0.0,True,False
1783181395.490357,-5.044043403336631,41.86376756499268,True,False
1783181395.5059478,-5.044043403336631,0.0,True,False
1783181395.5222015,-5.420170987194424,45.73463346045397,True,False
1783181395.5382106,-5.420170987194424,0.0,True,False
1783181395.5539334,-5.420170987194424,0.0,True,False
1783181395.57006,-5.463413358927752,13.0307806258487,True,False
1783181395.5859158,-5.463413358927752,0.0,True,False
1783181395.602774,-5.244001055591194,10.06203321902794,True,False
1783181395.6194518,-5.244001055591194,0.0,True,False
1783181395.6352394,-4.795834891261401,9.170002969792295,True,False
1783181395.6507413,-4.795834891261401,0.0,True,False
1783181395.6670327,-3.701552981556545,25.79128766692268,True,False
1783181395.683532,-3.701552981556545,0.0,True,False
1783181395.6995745,-3.701552981556545,0.0,True,False
1783181395.7149792,-0.849525551913235,71.07729468729107,True,False
1783181395.7317648,-0.849525551913235,0.0,True,False
1783181395.7477171,0.6639938274426714,-52.99548447558536,True,False
1783181395.7628996,0.6639938274426714,0.0,True,False
1783181395.7791204,1.8150121915414807,-14.200400486174885,True,False
1783181395.794718,1.8150121915414807,0.0,True,False
1783181395.8115447,3.39857506897775,16.906817926727147,True,False
1783181395.8270009,3.39857506897775,0.0,True,False
1783181395.8431482,3.39857506897775,0.0,True,False
1783181395.8592057,4.608821142696529,-15.105354211706679,True,False
1783181395.8748782,4.608821142696529,0.0,True,False
1783181395.8910851,5.757293698535176,-1.6718177746588434,True,False
1783181395.906836,5.757293698535176,0.0,True,False
1783181395.9232533,6.467035167187816,-17.40518761340293,True,False
1783181395.9388773,6.467035167187816,0.0,True,False
1783181395.955751,7.2534197521707595,3.355989256384494,True,False
1783181395.9723947,7.2534197521707595,0.0,True,False
1783181395.9882414,7.2534197521707595,0.0,True,False
1783181396.0043716,7.705039643114721,-13.663328592275729,True,False
1783181396.020207,7.705039643114721,0.0,True,False
1783181396.0365708,7.979964854222235,-6.874660371374334,True,False
1783181396.0520618,7.979964854222235,0.0,True,False
1783181396.0682328,8.075749591129076,-7.169314991036279,True,False
1783181396.0837479,8.075749591129076,0.0,True,False
1783181396.1004763,8.075749591129076,0.0,True,False
1783181396.1163197,7.551153327078503,-19.729745343334024,True,False
1783181396.1321309,7.551153327078503,0.0,True,False
1783181396.148267,7.551153327078503,0.0,True,False
1783181396.1646345,6.87431383242493,-3.9404115850959505,True,False
1783181396.179804,6.87431383242493,0.0,True,False
1783181396.1958187,6.87431383242493,0.0,True,False
1783181396.2117326,5.985400716409247,-6.125226067384492,True,False
1783181396.2282376,5.985400716409247,0.0,True,False
1783181396.2445753,5.985400716409247,0.0,True,False
1783181396.2604427,4.695426682167366,-11.955097960669088,True,False
1783181396.2766297,4.695426682167366,0.0,True,False
1783181396.2920327,4.695426682167366,0.0,True,False
1783181396.308131,3.616913197094331,5.941599286632607,True,False
1783181396.3238559,3.616913197094331,0.0,True,False
1783181396.3405948,3.616913197094331,0.0,True,False
1783181396.3560429,1.8125573050048958,-42.86923965409726,True,False
1783181396.3720598,1.8125573050048958,0.0,True,False
1783181396.3882127,-0.6383559522598354,-21.787363629108942,True,False
1783181396.404404,-0.6383559522598354,0.0,True,False
1783181396.4197943,-1.4026101897240828,66.95310365268824,True,False
1783181396.4362245,-1.4026101897240828,0.0,True,False
1783181396.4522488,-4.11603134841921,-79.6538727617955,True,False
1783181396.468527,-4.11603134841921,0.0,True,False
1783181396.4844778,-4.11603134841921,0.0,True,False
1783181396.500639,-5.05646331077728,73.15279751451804,True,False
1783181396.5159495,-5.05646331077728,0.0,True,False
1783181396.5321004,-5.669052320024124,11.078349895970872,True,False
1783181396.5479941,-5.669052320024124,0.0,True,False
1783181396.564487,-6.114018039683999,7.790730684088246,True,False
1783181396.579915,-6.114018039683999,0.0,True,False
1783181396.596547,-6.331232635073518,8.099966564040196,True,False
1783181396.6125634,-6.331232635073518,0.0,True,False
1783181396.6279368,-6.331232635073518,0.0,True,False
1783181396.6444666,-6.331232635073518,0.0,True,False
1783181396.6600165,-6.179297239448915,13.413697578006063,True,False
1783181396.6761854,-6.179297239448915,0.0,True,False
1783181396.6925497,-6.179297239448915,0.0,True,False
1783181396.7080517,-5.321918374933344,21.29173097332365,True,False
1783181396.7245703,-5.321918374933344,0.0,True,False
1783181396.740692,-4.306987750039628,14.786290655301743,True,False
1783181396.756324,-4.306987750039628,0.0,True,False
1783181396.7722845,-3.249620060107125,2.3288730563706936,True,False
1783181396.7886379,-3.249620060107125,0.0,True,False
1783181396.80415,-1.8833704930745447,12.051794469175158,True,False
1783181396.8200912,-1.8833704930745447,0.0,True,False
1783181396.8367376,-1.8833704930745447,0.0,True,False
1783181396.8530324,-0.3646763687653288,5.998776027452684,True,False
1783181396.8694925,-0.3646763687653288,0.0,True,False
1783181396.8854446,2.1830269598926537,40.05802166472966,True,False
1783181396.901414,2.1830269598926537,0.0,True,False
1783181396.9172602,3.820840232023922,-37.57644121543305,True,False
1783181396.932804,3.820840232023922,0.0,True,False
1783181396.9493458,4.842312025488137,-21.39317936388909,True,False
1783181396.965405,4.842312025488137,0.0,True,False
1783181396.9809053,4.842312025488137,0.0,True,False
1783181396.9975955,5.723787744515203,-6.258766881154301,True,False
1783181397.0137022,5.723787744515203,0.0,True,False
1783181397.030411,6.367499259742532,-7.230470888881399,True,False
1783181397.04657,6.367499259742532,0.0,True,False
1783181397.061956,6.367499259742532,0.0,True,False
1783181397.0789702,6.793047995891607,-12.896908436470426,True,False
1783181397.095607,6.793047995891607,0.0,True,False
1783181397.1116915,6.793047995891607,0.0,True,False
1783181397.1280851,6.919347362112729,-8.784379528948882,True,False
1783181397.1437788,6.919347362112729,0.0,True,False
1783181397.1598518,6.919347362112729,0.0,True,False
1783181397.1768095,6.814635410832371,-6.503379360016329,True,False
1783181397.1932375,6.814635410832371,0.0,True,False
1783181397.209205,6.814635410832371,0.0,True,False
1783181397.2252128,5.784396165451781,-26.638313141293704,True,False
1783181397.241819,5.784396165451781,0.0,True,False
1783181397.2581925,5.784396165451781,0.0,True,False
1783181397.2744024,4.775584572554812,0.02486641407092446,True,False
1783181397.2899964,4.775584572554812,0.0,True,False
1783181397.3062158,4.775584572554812,0.0,True,False
1783181397.3224232,4.775584572554812,0.0,True,False
1783181397.3380094,3.5579439649456743,2.111783728043098,True,False
1783181397.3541121,3.5579439649456743,0.0,True,False
1783181397.3702154,3.5579439649456743,0.0,True,False
1783181397.386544,2.033156786275019,-17.30143275697061,True,False
1783181397.4020839,2.033156786275019,0.0,True,False
1783181397.4180446,0.187273046382569,-29.11085555306311,True,False
1783181397.4346619,0.187273046382569,0.0,True,False
1783181397.4514377,-1.142810456774522,20.44273553460694,True,False
1783181397.467649,-1.142810456774522,0.0,True,False
1783181397.482869,-3.1878608299264126,-30.372721063234863,True,False
1783181397.4994588,-3.1878608299264126,0.0,True,False
1783181397.5157413,-3.1878608299264126,0.0,True,False
1783181397.5313642,-3.940710885490545,53.3503738165957,True,False
1783181397.5473692,-3.940710885490545,0.0,True,False
1783181397.5630896,-3.877128025311227,32.86840026728443,True,False
1783181397.5794866,-3.877128025311227,0.0,True,False
1783181397.5949254,-3.456970947370281,14.281486929758913,True,False
1783181397.6115263,-3.456970947370281,0.0,True,False
1783181397.6270447,-2.7006346931478444,14.99455791664286,True,False
1783181397.6437333,-2.7006346931478444,0.0,True,False
1783181397.6600094,-2.7006346931478444,0.0,True,False
1783181397.6762848,-1.1246416986402619,32.02625341557479,True,False
1783181397.6917844,-1.1246416986402619,0.0,True,False
1783181397.7079468,1.4289286789519824,36.76550577337646,True,False
1783181397.7240255,1.4289286789519824,0.0,True,False
1783181397.7400372,2.599786163135342,-53.406637725946446,True,False
1783181397.7567754,2.599786163135342,0.0,True,False
1783181397.7725396,4.064979347528189,12.13982252869029,True,False
1783181397.788377,4.064979347528189,0.0,True,False
1783181397.8041189,4.064979347528189,0.0,True,False
1783181397.8204165,4.98815176898777,-21.997041373899474,True,False
1783181397.8364365,4.98815176898777,0.0,True,False
1783181397.852457,6.031848728339555,3.0099950868398353,True,False
1783181397.868091,6.031848728339555,0.0,True,False
1783181397.8840399,6.66529647985678,-14.77684942214294,True,False
1783181397.9007068,6.66529647985678,0.0,True,False
1783181397.9159164,7.12925185092664,-6.696917654680892,True,False
1783181397.9321284,7.12925185092664,0.0,True,False
1783181397.948643,7.12925185092664,0.0,True,False
1783181397.964124,7.2974453496086165,-14.32646500647006,True,False
1783181397.9803784,7.2974453496086165,0.0,True,False
1783181397.9961286,7.2974453496086165,0.0,True,False
1783181398.012311,7.202812720827676,-7.610818211398982,True,False
1783181398.028586,7.202812720827676,0.0,True,False
1783181398.043929,7.202812720827676,0.0,True,False
1783181398.060009,7.202812720827676,0.0,True,False
1783181398.0774856,6.861622458695315,-6.7577150172170395,True,False
1783181398.0929112,6.861622458695315,0.0,True,False
1783181398.1092331,6.4100298442684265,-3.0058266907050206,True,False
1783181398.1255655,6.4100298442684265,0.0,True,False
1783181398.1416457,6.4100298442684265,0.0,True,False
1783181398.1576085,6.4100298442684265,0.0,True,False
1783181398.1732097,5.9030671990647745,-1.5002226597385986,True,False
1783181398.1888711,5.9030671990647745,0.0,True,False
1783181398.2056818,3.9121373324313438,-61.22418289766235,True,False
1783181398.221223,3.9121373324313438,0.0,True,False
1783181398.2377963,2.273653837309135,13.284559007372195,True,False
1783181398.254066,2.273653837309135,0.0,True,False
1783181398.270579,-0.17354072146128788,-30.94525284722947,True,False
1783181398.2858975,-0.17354072146128788,0.0,True,False
1783181398.3023126,-1.4430054126276781,44.731733469522396,True,False
1783181398.3175135,-1.4430054126276781,0.0,True,False
1783181398.3334851,-1.4430054126276781,0.0,True,False
1783181398.3497214,-3.815218124845729,-43.40568675052509,True,False
1783181398.3651228,-3.815218124845729,0.0,True,False
1783181398.3818195,-4.685364997115074,57.345489656565874,True,False
1783181398.3980238,-4.685364997115074,0.0,True,False
1783181398.4137616,-5.127104294469722,17.94816034647319,True,False
1783181398.429925,-5.127104294469722,0.0,True,False
1783181398.446584,-5.3070020167396175,9.992077722478136,True,False
1783181398.4628055,-5.3070020167396175,0.0,True,False
1783181398.4786732,-5.3070020167396175,0.0,True,False
1783181398.4942582,-5.230755059347757,10.458460223082984,True,False
1783181398.5100687,-5.230755059347757,0.0,True,False
1783181398.5261345,-4.809930356179402,13.336882054948122,True,False
1783181398.5418537,-4.809930356179402,0.0,True,False
1783181398.5579202,-3.9273298055435086,18.628847550620076,True,False
1783181398.574625,-3.9273298055435086,0.0,True,False
1783181398.5899632,-2.446981268712104,26.507234926588506,True,False
1783181398.6063974,-2.446981268712104,0.0,True,False
1783181398.6223109,-2.446981268712104,0.0,True,False
1783181398.6388102,-1.3850285261477784,-18.81825474512233,True,False
1783181398.6539922,-1.3850285261477784,0.0,True,False
1783181398.6708233,-0.3733477034310652,-1.3081804105691932,True,False
1783181398.687432,-0.3733477034310652,0.0,True,False
1783181398.703379,0.8487078032986295,8.948756804127378,True,False
1783181398.719717,0.8487078032986295,0.0,True,False
1783181398.734913,3.9913288547853405,80.83086345037717,False,True
1783181398.7512941,3.9913288547853405,0.0,False,True
1783181398.7672014,3.9913288547853405,0.0,False,True
1783181398.7834296,5.612396943197215,-62.60223738591988,False,True
1783181398.799034,5.612396943197215,0.0,False,True
1783181398.8156013,6.4476259769676085,-27.995185421678517,False,True
1783181398.8315997,6.4476259769676085,0.0,False,True
1783181398.8468914,7.5395776927853575,11.789914971664697,False,True
1783181398.863094,7.5395776927853575,0.0,False,True
1783181398.8792279,8.30667258467051,-13.357155858328861,False,True
1783181398.8949957,8.30667258467051,0.0,False,True
1783181398.9113283,8.30667258467051,0.0,False,True
1783181398.9276114,8.30667258467051,0.0,False,True
1783181398.9438539,8.929268179037912,-13.349891027697016,False,True
1783181398.9601104,8.929268179037912,0.0,False,True
1783181398.9763126,9.431966595405791,2.6679406141917883,False,True
1783181398.9921284,9.431966595405791,0.0,False,True
1783181399.0080588,9.431966595405791,0.0,False,True
1783181399.0241299,9.844071905283093,-8.004011690908186,False,True
1783181399.0400639,9.844071905283093,0.0,False,True
1783181399.0565844,9.844071905283093,0.0,False,True
1783181399.0729527,10.037140288654031,-6.346942496880614,False,True
1783181399.0883372,10.037140288654031,0.0,False,True
1783181399.1040328,10.037140288654031,0.0,False,True
1783181399.1208289,10.198236697369923,-0.8936192663462341,False,True
1783181399.1370568,10.198236697369923,0.0,False,True
1783181399.1530004,10.198236697369923,0.0,False,True
1783181399.169024,9.552666482336322,-23.695085427747415,False,True
1783181399.1854584,9.552666482336322,0.0,False,True
1783181399.2014382,8.590743222288127,-19.076511230071436,False,True
1783181399.2170317,8.590743222288127,0.0,False,True
1783181399.2333672,7.531941566886636,-3.177995028867255,False,True
1783181399.248868,7.531941566886636,0.0,False,True
1783181399.2652345,7.531941566886636,0.0,False,True
1783181399.2817543,4.869482034256542,-55.962110329613125,False,True
1783181399.2975886,4.869482034256542,0.0,False,True
1783181399.3130252,2.5060549582995817,7.051219647277453,False,True
1783181399.3290045,2.5060549582995817,0.0,False,True
1783181399.345723,-0.42613425837647084,-20.954231570263513,False,True
1783181399.3612769,-0.42613425837647084,0.0,False,True
1783181399.3776069,-0.42613425837647084,0.0,False,True
1783181399.3937807,-2.0430628106020507,48.25558884908024,False,True
1783181399.409149,-2.0430628106020507,0.0,False,True
1783181399.4251804,-4.012281868527006,-14.375590700243652,False,True
1783181399.4416265,-4.012281868527006,0.0,False,True
1783181399.4579065,-5.299081435734276,28.130658065053932,False,True
1783181399.4745996,-5.299081435734276,0.0,False,True
1783181399.4905732,-5.69745886423318,34.864759878040395,False,True
1783181399.5061018,-5.69745886423318,0.0,False,True
1783181399.522871,-6.6610914526846265,-21.762167395765736,False,True
1783181399.5387673,-6.6610914526846265,0.0,False,True
1783181399.5547364,-6.6610914526846265,0.0,False,True
1783181399.5706582,-7.540935776214365,4.014819444062488,False,True
1783181399.585975,-7.540935776214365,0.0,False,True
1783181399.6027892,-8.055596893641477,14.559654063451342,False,True
1783181399.6183486,-8.055596893641477,0.0,False,True
1783181399.6343703,-8.221884932773628,12.926649852464497,False,True
1783181399.650605,-8.221884932773628,0.0,False,True
1783181399.6668148,-8.06278750309467,12.95460147268611,False,True
1783181399.6833827,-8.06278750309467,0.0,False,True
1783181399.6995828,-8.06278750309467,0.0,False,True
1783181399.7156394,-7.167782631599313,19.379349320460307,False,True
1783181399.731265,-7.167782631599313,0.0,False,True
1783181399.746983,-7.167782631599313,0.0,False,True
1783181399.7637362,-7.167782631599313,0.0,False,True
1783181399.7792222,-6.264932514241006,0.3918800636248647,False,True
1783181399.7949479,-6.264932514241006,0.0,False,True
1783181399.810906,-6.264932514241006,0.0,False,True
1783181399.8269253,-5.806346720389264,-12.883905971399022,False,True
1783181399.843339,-5.806346720389264,0.0,False,True
1783181399.8595676,-4.024462781722822,56.76750709766862,False,True
1783181399.875369,-4.024462781722822,0.0,False,True
1783181399.8913999,-2.388508209397826,-3.6729507521636315,False,True
1783181399.9072232,-2.388508209397826,0.0,False,True
1783181399.9234369,-2.107331480353494,-55.03399124542286,False,True
1783181399.9389136,-2.107331480353494,0.0,False,True
1783181399.955259,-2.107331480353494,0.0,False,True
1783181399.9709404,0.12682308902136874,79.40571757104678,False,True
1783181399.9875112,0.12682308902136874,0.0,False,True
1783181400.003004,1.37428212531854,-42.21575581937837,False,True
1783181400.0196588,1.37428212531854,0.0,False,True
1783181400.0356157,2.6445053634359175,0.1485693850799556,False,True
1783181400.0508318,2.6445053634359175,0.0,False,True
1783181400.0669832,3.8422198258822235,0.03885038452221486,False,True
1783181400.0833843,3.8422198258822235,0.0,False,True
1783181400.0995193,3.8422198258822235,0.0,False,True
1783181400.1157079,5.295755546430704,8.25520347490391,False,True
1783181400.1315527,5.295755546430704,0.0,False,True
1783181400.147293,7.313516413691774,26.109352971619227,False,True
1783181400.1635191,7.313516413691774,0.0,False,True
1783181400.179127,8.05912910005916,-53.532956949468925,False,True
1783181400.1949823,8.05912910005916,0.0,False,True
1783181400.2111073,8.05912910005916,0.0,False,True
1783181400.2269366,9.217352361310581,4.137386549034514,False,True
1783181400.2434576,9.217352361310581,0.0,False,True
1783181400.2595575,9.657530402783232,-16.90847731629838,False,True
1783181400.2758036,9.657530402783232,0.0,False,True
1783181400.2920952,9.657530402783232,0.0,False,True
1783181400.3084443,9.90328013167658,-7.996756785887059,False,True
1783181400.3241005,9.90328013167658,0.0,False,True
1783181400.3406143,9.912672345722108,-8.751540946580377,False,True
1783181400.356447,9.912672345722108,0.0,False,True
1783181400.3723707,9.912672345722108,0.0,False,True
1783181400.3888464,9.543093723725406,-10.863847892505946,False,True
1783181400.4050822,9.543093723725406,0.0,False,True
1783181400.4212124,8.842544441326424,-16.641602791455565,False,True
1783181400.4376643,8.842544441326424,0.0,False,True
1783181400.4534135,8.842544441326424,0.0,False,True
1783181400.4696147,6.228939748537904,-74.04052110409971,False,True
1783181400.4849303,6.228939748537904,0.0,False,True
1783181400.501906,5.555483840883169,71.22398807757358,False,True
1783181400.5182583,5.555483840883169,0.0,False,True
1783181400.534196,1.6464640981375531,-131.27799660038212,True,False
1783181400.5506036,1.6464640981375531,0.0,True,False
1783181400.566537,0.6135114887490657,117.18421233688636,False,True
1783181400.5820112,0.6135114887490657,0.0,False,True
1783181400.5986655,-1.7683389261681712,-50.6525329252757,False,True
1783181400.6144922,-1.7683389261681712,0.0,False,True
1783181400.6302044,-1.7683389261681712,0.0,False,True
1783181400.6468608,-5.094263367913628,-31.21464178962958,False,True
1783181400.6621258,-5.094263367913628,0.0,False,True
1783181400.6783772,-6.102603466729761,83.47144696359219,False,True
1783181400.6941156,-6.102603466729761,0.0,False,True
1783181400.7104998,-7.2409616302613244,-4.181724500891201,False,True
1783181400.725987,-7.2409616302613244,0.0,False,True
1783181400.7420802,-7.2409616302613244,0.0,False,True
1783181400.7583756,-7.835935205005965,21.386011586654472,False,True
1783181400.77413,-7.835935205005965,0.0,False,True
1783181400.79047,-8.215219071553653,8.719536054692313,False,True
1783181400.806013,-8.215219071553653,0.0,False,True
1783181400.8219695,-8.215219071553653,0.0,False,True
1783181400.8385406,-8.136379546158075,16.236786414849597,False,True
1783181400.8538353,-8.136379546158075,0.0,False,True
1783181400.8706844,-8.136379546158075,0.0,False,True
1783181400.8867853,-8.136379546158075,0.0,False,True
1783181400.9026754,-7.695946923859409,7.763342347012721,False,True
1783181400.9184346,-7.695946923859409,0.0,False,True
1783181400.934499,-7.695946923859409,0.0,False,True
1783181400.950364,-7.145782172257156,5.226153031111099,False,True
1783181400.9665089,-7.145782172257156,0.0,False,True
1783181400.9826288,-7.145782172257156,0.0,False,True
1783181400.9989793,-6.402400964762708,6.068555532305637,False,True
1783181401.0155203,-6.402400964762708,0.0,False,True
1783181401.0319526,-6.402400964762708,0.0,False,True
1783181401.0483587,-6.402400964762708,0.0,False,True
1783181401.0640461,-5.755737091282651,-3.566914395190943,False,True
1783181401.080082,-5.755737091282651,0.0,False,True
1783181401.0965075,-5.755737091282651,0.0,False,True
1783181401.1122453,-3.2298406885837823,54.63423602524748,False,True
1783181401.1280632,-3.2298406885837823,0.0,False,True
1783181401.1440008,-3.2298406885837823,0.0,False,True
1783181401.1600862,-0.1144260145549074,21.00947636233188,False,True
1783181401.1765835,-0.1144260145549074,0.0,False,True
1783181401.1924849,-0.1144260145549074,0.0,False,True
1783181401.2085433,0.7198249612461487,-68.19571127386449,False,True
1783181401.2240105,0.7198249612461487,0.0,False,True
1783181401.2408462,0.7198249612461487,0.0,False,True
1783181401.2574785,3.5543122915296466,54.63762728515413,False,True
1783181401.2732868,3.5543122915296466,0.0,False,True
1783181401.2894173,3.5543122915296466,0.0,False,True
1783181401.3055706,5.189752506675549,-33.13072818777159,False,True
1783181401.3219268,5.189752506675549,0.0,False,True
1783181401.338612,7.674108072753749,53.53861776065238,False,True
1783181401.3542788,7.674108072753749,0.0,False,True
1783181401.3703485,8.997437390730818,-51.969206185642946,False,True
1783181401.3864806,8.997437390730818,0.0,False,True
1783181401.4025738,8.997437390730818,0.0,False,True
1783181401.4186409,10.464160657843292,7.853269564715151,False,True
1783181401.434533,10.464160657843292,0.0,False,True
1783181401.4505472,10.502275044366865,-57.651631728613665,False,True
1783181401.4660645,10.502275044366865,0.0,False,True
1783181401.4821067,10.502275044366865,0.0,False,True
1783181401.4985902,9.489307029820651,-29.957236608268765,False,True
1783181401.5146017,9.489307029820651,0.0,False,True
1783181401.530426,8.626406618920411,-4.991575576073977,False,True
1783181401.5465724,8.626406618920411,0.0,False,True
1783181401.5626187,8.015638641908643,10.107375263753594,False,True
1783181401.5784998,8.015638641908643,0.0,False,True
1783181401.5949702,8.015638641908643,0.0,False,True
1783181401.6115608,7.1231250256393,-11.203373430006382,False,True
1783181401.626875,7.1231250256393,0.0,False,True
1783181401.6439655,6.080707464826424,-4.549030910468524,False,True
1783181401.6595674,6.080707464826424,0.0,False,True
1783181401.6756032,3.865475005009747,-48.503325153988506,False,True
1783181401.6911983,3.865475005009747,0.0,False,True
1783181401.7076669,2.584812654143939,35.584037933588945,False,True
1783181401.7231655,2.584812654143939,0.0,False,True
1783181401.739716,1.425229463684155,4.624397824895828,False,True
1783181401.7550008,1.425229463684155,0.0,False,True
1783181401.7709243,1.425229463684155,0.0,False,True
1783181401.7876372,0.1770430535983659,-1.0911593510431654,False,True
1783181401.8036013,0.1770430535983659,0.0,False,True
1783181401.8196611,-0.2408279924354954,32.5145047888822,False,True
1783181401.835275,-0.2408279924354954,0.0,False,True
1783181401.8514094,1.788812447451821,97.81026560936077,False,True
1783181401.8676457,1.788812447451821,0.0,False,True
1783181401.8837104,5.712260168847377,75.76983200702209,False,True
1783181401.8989854,5.712260168847377,0.0,False,True
1783181401.9155004,5.712260168847377,0.0,False,True
1783181401.931036,7.386012200545191,-93.51282754110998,True,False
1783181401.9470367,7.386012200545191,0.0,True,False
1783181401.963751,11.339091311654563,86.84312128258266,False,True
1783181401.9789722,11.339091311654563,0.0,False,True
1783181401.994927,11.350874767030172,-158.37949885503505,True,False
1783181402.0111885,11.350874767030172,0.0,True,False
1783181402.0274937,10.502911496431905,-33.37735554567762,True,False
1783181402.0438612,10.502911496431905,0.0,True,False
1783181402.05923,10.502911496431905,0.0,True,False
1783181402.0754392,9.501234661072218,-5.930621139149881,True,False
1783181402.0915658,9.501234661072218,0.0,True,False
1783181402.1081583,8.857985547753367,14.022469048335815,True,False
1783181402.124359,8.857985547753367,0.0,True,False
1783181402.140005,8.215368989854262,-1.1082957286307416,True,False
1783181402.1562617,8.215368989854262,0.0,True,False
1783181402.1720343,8.183122951146716,25.09390387753535,True,False
1783181402.1882377,8.183122951146716,0.0,True,False
1783181402.2050083,8.183122951146716,0.0,True,False
1783181402.221064,8.061121584687266,-3.5944410108747777,True,False
1783181402.2373176,8.061121584687266,0.0,True,False
1783181402.2532065,8.005565813818052,2.737771539985252,True,False
1783181402.2697675,8.005565813818052,0.0,True,False
1783181402.285605,7.870243115972772,-3.355275462766801,True,False
1783181402.30102,7.870243115972772,0.0,True,False
1783181402.3168,7.675534244932146,-2.5067281747557586,True,False
1783181402.3323545,7.675534244932146,0.0,True,False
1783181402.3489714,7.536385041406032,2.2873817161813847,True,False
1783181402.3656516,7.536385041406032,0.0,True,False
1783181402.3811886,7.536385041406032,0.0,True,False
1783181402.3970535,7.375678297219757,-0.8719675516431324,True,False
1783181402.4138262,7.375678297219757,0.0,True,False
1783181402.4295971,7.036172684737105,-7.055098904868179,True,False
1783181402.4457424,7.036172684737105,0.0,True,False
1783181402.4613433,6.85798169310693,6.413482841298796,True,False
1783181402.477012,6.85798169310693,0.0,True,False
1783181402.4931574,6.672470203847023,-0.20702459163822867,True,False
1783181402.5096815,6.672470203847023,0.0,True,False
1783181402.525891,6.672470203847023,0.0,True,False
1783181402.5413902,6.556450187917188,2.769610650279217,True,False
1783181402.5577211,6.556450187917188,0.0,True,False
1783181402.5735388,6.490985248059822,2.243272255441776,True,False
1783181402.5889988,6.490985248059822,0.0,True,False
1783181402.6054914,6.496558749715105,2.6297600633722,True,False
1783181402.621291,6.496558749715105,0.0,True,False
1783181402.6371782,6.6310670486934855,5.332825861119167,True,False
1783181402.6536822,6.6310670486934855,0.0,True,False
1783181402.6697922,6.6310670486934855,0.0,True,False
1783181402.6850603,6.778662880339925,0.19247756421218554,True,False
1783181402.7013404,6.778662880339925,0.0,True,False
1783181402.7172363,6.846842483086955,-2.9165986398097443,True,False
1783181402.7336392,6.846842483086955,0.0,True,False
1783181402.7495155,7.0078570622516265,3.547231403081295,True,False
1783181402.7650478,7.0078570622516265,0.0,True,False
1783181402.7816775,7.216578269777268,2.083286011842607,True,False
1783181402.797738,7.216578269777268,0.0,True,False
1783181402.8137295,7.216578269777268,0.0,True,False
1783181402.8299894,7.609943313543536,7.121767441132142,True,False
1783181402.8469,7.609943313543536,0.0,True,False
1783181402.8626788,7.609943313543536,0.0,True,False
1783181402.8785899,7.904112756887053,-7.398968953313845,True,False
1783181402.8943782,7.904112756887053,0.0,True,False
1783181402.9110117,8.37166343268351,9.304793036902812,True,False
1783181402.927854,8.37166343268351,0.0,True,False
1783181402.9449203,9.033403426814436,5.5812852936847674,True,False
1783181402.9613578,9.033403426814436,0.0,True,False
1783181402.977698,9.033403426814436,0.0,True,False
1783181402.9936166,9.435352780168161,-12.489404448309516,True,False
1783181403.0098095,9.435352780168161,0.0,True,False
1783181403.0259361,9.435352780168161,0.0,True,False
1783181403.042139,9.79044237607195,-1.2771676032214252,True,False
1783181403.058494,9.79044237607195,0.0,True,False
1783181403.0748026,9.79044237607195,0.0,True,False
1783181403.0908108,9.79044237607195,0.0,True,False
1783181403.1071215,10.216330120361791,1.673852561019577,True,False
1783181403.123833,10.216330120361791,0.0,True,False
1783181403.139107,10.216330120361791,0.0,True,False
1783181403.1559458,10.222925841966436,-11.236277686983044,True,False
1783181403.1713903,10.222925841966436,0.0,True,False
1783181403.1875055,10.222925841966436,0.0,True,False
1783181403.2031348,10.264164039135768,1.0259954434508867,True,False
1783181403.2196615,10.264164039135768,0.0,True,False
1783181403.2352552,10.264164039135768,0.0,True,False
1783181403.2511036,9.914234900485871,-11.508212781586236,True,False
1783181403.2675335,9.914234900485871,0.0,True,False
1783181403.2833683,9.914234900485871,0.0,True,False
1783181403.2995064,8.97650461219981,-16.527328902959418,True,False
1783181403.3140383,8.97650461219981,0.0,True,False
1783181403.3306086,7.314934792579578,-38.800431147668476,True,False
1783181403.346615,7.314934792579578,0.0,True,False
1783181403.362263,6.189300474821764,21.74567400643664,True,False
1783181403.3788931,6.189300474821764,0.0,True,False
1783181403.3942723,6.189300474821764,0.0,True,False
1783181403.4106083,3.098100853545035,-76.90118591761627,True,False
1783181403.4268622,3.098100853545035,0.0,True,False
1783181403.4429495,0.8014518869102499,32.797006815177845,True,False
1783181403.459503,0.8014518869102499,0.0,True,False
1783181403.475498,-1.075180281014252,17.191265551968986,True,False
1783181403.4912145,-1.075180281014252,0.0,True,False
1783181403.5075781,-2.5730871015501835,15.580785914033404,True,False
1783181403.52392,-2.5730871015501835,0.0,True,False
1783181403.540263,-2.5730871015501835,0.0,True,False
1783181403.5562315,-3.6399366283700254,17.502690843302126,True,False
1783181403.5727527,-3.6399366283700254,0.0,True,False
1783181403.5887601,-4.405700166445655,10.173507719848416,True,False
1783181403.6050436,-4.405700166445655,0.0,True,False
1783181403.6217713,-4.828470594498563,13.350926895045083,True,False
1783181403.6373842,-4.828470594498563,0.0,True,False
1783181403.6535637,-5.207546639963788,1.0719484131053776,True,False
1783181403.6689966,-5.207546639963788,0.0,True,False
1783181403.6850953,-5.207546639963788,0.0,True,False
1783181403.7011251,-5.54643268584435,1.707537435032667,True,False
1783181403.7177513,-5.54643268584435,0.0,True,False
1783181403.7332337,-5.711946591444328,7.578861177027197,True,False
1783181403.7500477,-5.711946591444328,0.0,True,False
1783181403.7661176,-5.622464028863155,9.851822079335932,True,False
1783181403.7826252,-5.622464028863155,0.0,True,False
1783181403.798905,-5.196077513975404,12.625530746854295,True,False
1783181403.8147385,-5.196077513975404,0.0,True,False
1783181403.8308048,-5.196077513975404,0.0,True,False
1783181403.8465712,-4.809969322632363,-1.4925379053289096,True,False
1783181403.862744,-4.809969322632363,0.0,True,False
1783181403.8781247,-4.004979555241989,17.372115457647848,True,False
1783181403.894572,-4.004979555241989,0.0,True,False
1783181403.9106345,-2.121891944943504,39.65480788042652,True,False
1783181403.9270022,-2.121891944943504,0.0,True,False
1783181403.9434514,-2.121891944943504,0.0,True,False
1783181403.9598088,-1.0217650672943979,-27.77323611721547,True,False
1783181403.9757247,-1.0217650672943979,0.0,True,False
1783181403.9920495,-0.11238417241971603,-7.407925734990604,True,False
1783181404.0078502,-0.11238417241971603,0.0,True,False
1783181404.0231833,0.9186421953106997,4.382618155979965,True,False
1783181404.0398257,0.9186421953106997,0.0,True,False
1783181404.0550482,0.9186421953106997,0.0,True,False
1783181404.0719078,2.3518595084032015,16.350762900120216,True,False
1783181404.0875564,2.3518595084032015,0.0,True,False
1783181404.1036592,3.98905581169591,8.018575200795727,True,False
1783181404.119056,3.98905581169591,0.0,True,False
1783181404.1350887,5.619119955214868,0.04698549423875225,True,False
1783181404.1516323,5.619119955214868,0.0,True,False
1783181404.1674407,6.869236503604025,-14.417258790124373,True,False
1783181404.1831613,6.869236503604025,0.0,True,False
1783181404.2000632,7.79168674680205,-12.413575691854922,True,False
1783181404.216778,7.79168674680205,0.0,True,False
1783181404.232361,7.79168674680205,0.0,True,False
1783181404.2489529,9.875850346555097,44.983284730701904,True,False
1783181404.2645104,9.875850346555097,0.0,True,False
1783181404.2802765,10.42098452908,-64.1224497559202,True,False
1783181404.2964659,10.42098452908,0.0,True,False
1783181404.312312,10.760830448585184,-8.233404241344363,True,False
1783181404.328805,10.760830448585184,0.0,True,False
1783181404.344052,10.794377966821648,-12.50728022788052,True,False
1783181404.3603516,10.794377966821648,0.0,True,False
1783181404.3769581,10.794377966821648,0.0,True,False
1783181404.3921204,10.599558690830964,-7.420036652088963,True,False
1783181404.408874,10.599558690830964,0.0,True,False
1783181404.424289,10.599558690830964,0.0,True,False
1783181404.4406335,10.599558690830964,0.0,True,False
1783181404.4564157,10.131932679892115,-7.315067507810998,True,False
1783181404.472571,10.131932679892115,0.0,True,False
1783181404.488138,10.131932679892115,0.0,True,False
1783181404.5041134,9.540629745016464,-4.66203333546091,True,False
1783181404.5206358,9.540629745016464,0.0,True,False
1783181404.5368798,8.646075585493696,-17.978551700970666,True,False
1783181404.552521,8.646075585493696,0.0,True,False
1783181404.56841,7.152495340118275,-25.572710873874975,True,False
1783181404.5840218,7.152495340118275,0.0,True,False
1783181404.6001003,4.2771594771950605,-52.92422790368981,True,False
1783181404.6167474,4.2771594771950605,0.0,True,False
1783181404.632868,4.2771594771950605,0.0,True,False
1783181404.6481419,0.6737224518654344,-30.234536485831658,True,False
1783181404.664204,0.6737224518654344,0.0,True,False
1783181404.6810243,-1.3871508989524237,58.981876858950706,True,False
1783181404.6961792,-1.3871508989524237,0.0,True,False
1783181404.712359,-4.501697919962019,-34.62038421668893,True,False
1783181404.7288554,-4.501697919962019,0.0,True,False
1783181404.7442744,-4.501697919962019,0.0,True,False
1783181404.7604918,-5.4524300147196225,77.60852885503449,False,True
1783181404.7769928,-5.4524300147196225,0.0,False,True
1783181404.7924502,-6.335292939472124,4.890919448413536,False,True
1783181404.8081806,-6.335292939472124,0.0,False,True
1783181404.8243415,-6.740177765615627,16.564758270011502,False,True
1783181404.8408883,-6.740177765615627,0.0,False,True
1783181404.8570306,-7.33669700966108,-6.978636761013825,False,True
1783181404.8729928,-7.33669700966108,0.0,False,True
1783181404.8892503,-7.33669700966108,0.0,False,True
1783181404.904225,-7.474931800424361,18.368725011426815,False,True
1783181404.9204693,-7.474931800424361,0.0,False,True
1783181404.9368167,-7.1632157633122056,17.016101742646388,False,True
1783181404.9525492,-7.1632157633122056,0.0,False,True
1783181404.9685316,-6.5251998446261075,12.951403629701158,False,True
1783181404.9848928,-6.5251998446261075,0.0,False,True
1783181405.0010211,-6.5251998446261075,0.0,False,True
1783181405.0173724,-5.641458875800202,8.583260478806535,False,True
1783181405.0339959,-5.641458875800202,0.0,False,True
1783181405.049443,-3.0397779176179527,72.09337338656158,False,True
1783181405.0652025,-3.0397779176179527,0.0,False,True
1783181405.0818915,-1.3405548145008617,-34.52282983844755,False,True
1783181405.0970712,-1.3405548145008617,0.0,False,True
1783181405.1139433,0.2886845390970742,-3.2019829344356205,False,True
1783181405.1293564,0.2886845390970742,0.0,False,True
1783181405.1457694,0.2886845390970742,0.0,False,True
1783181405.1620119,2.0122551809063802,1.5722678821116516,False,True
1783181405.1778262,2.0122551809063802,0.0,False,True
1783181405.1939058,3.698993432494553,1.8427173445458214,False,True
1783181405.2096527,3.698993432494553,0.0,False,True
1783181405.2257717,4.981687234441429,-15.592707945310053,False,True
1783181405.2419863,4.981687234441429,0.0,False,True
1783181405.2589986,4.981687234441429,0.0,False,True
1783181405.27536,5.889071748042708,-16.160857367206738,False,True
1783181405.2915082,5.889071748042708,0.0,False,True
1783181405.307243,6.649092929833554,-4.45739786224548,False,True
1783181405.323923,6.649092929833554,0.0,False,True
1783181405.3401496,7.195318173041382,-9.055708827878009,False,True
1783181405.3568642,7.195318173041382,0.0,False,True
1783181405.3727942,7.651552990897771,-3.919264155516583,False,True
1783181405.388824,7.651552990897771,0.0,False,True
1783181405.4048088,8.08586658119969,-0.025890649140345823,False,True
1783181405.4208426,8.08586658119969,0.0,False,True
1783181405.4364073,8.08586658119969,0.0,False,True
1783181405.4524841,8.145891804223607,-15.035399307231511,False,True
1783181405.4690163,8.145891804223607,0.0,False,True
1783181405.4859564,7.779755218905188,-16.24470275915314,False,True
1783181405.5015266,7.779755218905188,0.0,False,True
1783181405.517828,7.361769871275972,-1.5766488016477092,False,True
1783181405.5333314,7.361769871275972,0.0,False,True
1783181405.549525,6.835025256785446,-4.388540739134315,False,True
1783181405.5652616,6.835025256785446,0.0,False,True
1783181405.5818949,6.835025256785446,0.0,False,True
1783181405.5976079,6.118675077710508,-7.616694424374029,False,True
1783181405.6137094,6.118675077710508,0.0,False,True
1783181405.629334,5.5230156933937415,4.613798079934226,False,True
1783181405.645541,5.5230156933937415,0.0,False,True
1783181405.6617315,4.412640638615717,-21.449768410588778,False,True
1783181405.6772997,4.412640638615717,0.0,False,True
1783181405.6936247,3.61131631556727,13.020595795853719,False,True
1783181405.709409,3.61131631556727,0.0,False,True
1783181405.7255723,3.61131631556727,0.0,False,True
1783181405.741743,2.049805852743774,-28.19990131531196,False,True
1783181405.7577574,2.049805852743774,0.0,False,True
1783181405.774156,0.9173822799982724,13.952999882337936,False,True
1783181405.7901096,0.9173822799982724,0.0,False,True
1783181405.8057473,0.07950482630825045,13.964022419740253,False,True
1783181405.821122,0.07950482630825045,0.0,False,True
1783181405.8380105,-1.0444513362086807,-12.215939290173473,False,True
1783181405.8540127,-1.0444513362086807,0.0,False,True
1783181405.870463,-1.0444513362086807,0.0,False,True
1783181405.886982,-1.7441199767707296,17.798352734893808,False,True
1783181405.9023523,-1.7441199767707296,0.0,False,True
1783181405.9182198,-2.349474214584358,4.192260001801736,False,True
1783181405.9347186,-2.349474214584358,0.0,False,True
1783181405.9506161,-3.056039917320622,-5.714568158591916,False,True
1783181405.9664104,-3.056039917320622,0.0,False,True
1783181405.9824705,-3.6707590926627045,3.7617585785980965,False,True
1783181405.9982533,-3.6707590926627045,0.0,False,True
1783181406.0149262,-3.6707590926627045,0.0,False,True
1783181406.0311298,-4.185677388679364,4.400801267270762,False,True
1783181406.047905,-4.185677388679364,0.0,False,True
1783181406.0636058,-4.547221128075369,6.564252895405939,False,True
1783181406.0796573,-4.547221128075369,0.0,False,True
1783181406.0952103,-4.6630424150950995,9.881213021633851,False,True
1783181406.1117415,-4.6630424150950995,0.0,False,True
1783181406.1277075,-4.581332360998013,7.607001419667711,False,True
1783181406.1435664,-4.581332360998013,0.0,False,True
1783181406.1599512,-4.581332360998013,0.0,False,True
1783181406.175523,-4.4425806152921075,2.303550316856937,False,True
1783181406.1913242,-4.4425806152921075,0.0,False,True
1783181406.207411,-4.119385061137445,7.14355685125441,False,True
1783181406.2235234,-4.119385061137445,0.0,False,True
1783181406.240012,-3.3866183154297556,16.26494857285931,False,True
1783181406.2551053,-3.3866183154297556,0.0,False,True
1783181406.271323,-3.3866183154297556,0.0,False,True
1783181406.2878926,-2.521446160321851,5.231972566895875,False,True
1783181406.303913,-2.521446160321851,0.0,False,True
1783181406.3202574,-0.8637223296089359,31.629522126184934,False,True
1783181406.337188,-0.8637223296089359,0.0,False,True
1783181406.3531802,0.18638980678210454,-25.97932077011942,False,True
1783181406.3697336,0.18638980678210454,0.0,False,True
1783181406.3857698,1.2435990331392301,1.5042256612177356,False,True
1783181406.4020472,1.2435990331392301,0.0,False,True
1783181406.4182835,2.2651435639823068,-2.9299737337792053,False,True
1783181406.4345214,2.2651435639823068,0.0,False,True
1783181406.4505813,2.2651435639823068,0.0,False,True
1783181406.4668477,3.629791609798162,15.193747002185441,False,True
1783181406.4830241,3.629791609798162,0.0,False,True
1783181406.499256,4.831944351236802,-6.088958000370588,False,True
1783181406.516031,4.831944351236802,0.0,False,True
1783181406.5313962,5.702692605763522,-14.798246777708723,False,True
1783181406.54789,5.702692605763522,0.0,False,True
1783181406.5635352,7.083205193461837,19.863287978299695,False,True
1783181406.5796332,7.083205193461837,0.0,False,True
1783181406.5953877,8.250489453908612,-7.03969137202591,False,True
1783181406.6116526,8.250489453908612,0.0,False,True
1783181406.627161,8.250489453908612,0.0,False,True
1783181406.6433296,9.372558341220433,-2.2091101787148113,False,True
1783181406.65988,9.372558341220433,0.0,False,True
1783181406.6761692,9.372558341220433,0.0,False,True
1783181406.691793,10.262922308168056,-19.30237509315037,False,True
1783181406.7073627,10.262922308168056,0.0,False,True
1783181406.7242162,11.222145193026007,10.981045786214366,False,True
1783181406.7394056,11.222145193026007,0.0,False,True
1783181406.7551947,11.386866780749099,-31.300823053934113,False,True
1783181406.7714522,11.386866780749099,0.0,False,True
1783181406.7874303,11.386866780749099,0.0,False,True
1783181406.8033478,11.382329786742595,-6.893049167530252,False,True
1783181406.819857,11.382329786742595,0.0,False,True
1783181406.8359218,11.382329786742595,0.0,False,True
1783181406.851787,11.122858670879678,-7.594294798947977,False,True
1783181406.8671799,11.122858670879678,0.0,False,True
1783181406.8832924,11.122858670879678,0.0,False,True
1783181406.8994954,10.711163807640242,-8.843050208852906,False,True
1783181406.9160311,10.711163807640242,0.0,False,True
1783181406.9312232,10.711163807640242,0.0,False,True
1783181406.9480615,10.193659438028693,1.3134092935386146,False,True
1783181406.964008,10.193659438028693,0.0,False,True
1783181406.979654,9.41846861609987,-16.351056638806227,False,True
1783181406.99572,9.41846861609987,0.0,False,True
1783181407.011776,9.41846861609987,0.0,False,True
1783181407.0277975,7.157846732991677,-34.09696923613599,False,True
1783181407.0436037,7.157846732991677,0.0,False,True
1783181407.0599551,6.070098198566727,23.584237179550957,False,True
1783181407.0762765,6.070098198566727,0.0,False,True
1783181407.092442,6.070098198566727,0.0,False,True
1783181407.1088548,4.781912724515787,3.5530138805715015,False,True
1783181407.1244738,4.781912724515787,0.0,False,True
1783181407.140749,4.781912724515787,0.0,False,True
1783181407.1568906,0.9559668617209156,-77.15917475323518,True,False
1783181407.1728945,0.9559668617209156,0.0,True,False
1783181407.188546,0.9559668617209156,0.0,True,False
1783181407.2048068,-0.1831472509981043,67.90255982827908,True,False
1783181407.2206147,-0.1831472509981043,0.0,True,False
1783181407.2365003,-1.3153798881240937,2.145520948303563,True,False
1783181407.2530968,-1.3153798881240937,0.0,True,False
1783181407.269219,-4.20159388583244,-70.23271410862,True,False
1783181407.2855203,-4.20159388583244,0.0,True,False
1783181407.3015594,-5.552072430469668,60.773076618393986,True,False
1783181407.3170128,-5.552072430469668,0.0,True,False
1783181407.3324096,-5.552072430469668,0.0,True,False
1783181407.3490458,-6.372318863076301,20.326352239065155,True,False
1783181407.3645523,-6.372318863076301,0.0,True,False
1783181407.3806028,-6.372318863076301,0.0,True,False
1783181407.396507,-7.6567700520517485,-3.7146744036392856,True,False
1783181407.4124358,-7.6567700520517485,0.0,True,False
1783181407.428643,-7.906072222573436,26.402137490094606,True,False
1783181407.4442487,-7.906072222573436,0.0,True,False
1783181407.460334,-7.706556190119105,17.808296243787836,True,False
1783181407.476592,-7.706556190119105,0.0,True,False
1783181407.492153,-7.706556190119105,0.0,True,False
1783181407.5086303,-7.290420450123804,7.993761418111128,True,False
1783181407.5251038,-7.290420450123804,0.0,True,False
1783181407.5406158,-6.485737218830061,15.916221732583477,True,False
1783181407.556123,-6.485737218830061,0.0,True,False
1783181407.572698,-6.089463978791087,-15.569973221561366,True,False
1783181407.589,-6.089463978791087,0.0,True,False
1783181407.604519,-5.1066884708813385,24.845855037660368,True,False
1783181407.620831,-5.1066884708813385,0.0,True,False
1783181407.6368585,-5.1066884708813385,0.0,True,False
1783181407.653155,-4.414940411324632,-12.348053758971782,True,False
1783181407.6695235,-4.414940411324632,0.0,True,False
1783181407.685513,-1.7574309171024352,77.29784104951463,False,True
1783181407.7019331,-1.7574309171024352,0.0,False,True
1783181407.7179701,-1.0784378764818472,-76.61085750919248,True,False
1783181407.7335024,-1.0784378764818472,0.0,True,False
1783181407.7496378,0.05226727568804483,18.247413423594786,True,False
1783181407.7661717,0.05226727568804483,0.0,True,False
1783181407.7833455,1.2530652834453846,2.1475143001075767,True,False
1783181407.7998054,1.2530652834453846,0.0,True,False
1783181407.8153772,2.0523412699498134,-15.983622194126218,True,False
1783181407.8316004,2.0523412699498134,0.0,True,False
1783181407.8473158,2.0523412699498134,0.0,True,False
1783181407.8642015,3.4272271018404643,20.6369855109265,True,False
1783181407.8795338,3.4272271018404643,0.0,True,False
1783181407.8957822,4.640332014324864,-5.091816923970807,True,False
1783181407.9114015,4.640332014324864,0.0,True,False
1783181407.9273894,5.4934193734875905,-16.174321654084604,True,False
1783181407.9435616,5.4934193734875905,0.0,True,False
1783181407.959859,6.293133083146955,-2.114096103414775,True,False
1783181407.9751856,6.293133083146955,0.0,True,False
1783181407.991745,6.293133083146955,0.0,True,False
1783181408.008171,7.327752157840436,8.93615931242751,True,False
1783181408.023948,7.327752157840436,0.0,True,False
1783181408.0395837,8.013122707929083,-12.849423656074169,True,False
1783181408.056072,8.013122707929083,0.0,True,False
1783181408.0725589,8.013122707929083,0.0,True,False
1783181408.0890489,9.276533311186997,8.14487269755138,True,False
1783181408.1043262,9.276533311186997,0.0,True,False
1783181408.1209323,9.276533311186997,0.0,True,False
1783181408.1364613,10.304296887922755,-6.623304714554622,True,False
1783181408.1529357,10.304296887922755,0.0,True,False
1783181408.1691935,10.552249520290204,-19.53204266295578,True,False
1783181408.1855245,10.552249520290204,0.0,True,False
1783181408.201494,10.552249520290204,0.0,True,False
1783181408.2174022,10.539225632828648,-10.39472120361918,True,False
1783181408.2338321,10.539225632828648,0.0,True,False
1783181408.2499983,10.539225632828648,0.0,True,False
1783181408.265749,10.342738592651205,-7.789815345534349,True,False
1783181408.281298,10.342738592651205,0.0,True,False
1783181408.2980254,10.342738592651205,0.0,True,False
1783181408.3140867,9.881047172498418,-5.512998604815503,True,False
1783181408.3291972,9.881047172498418,0.0,True,False
1783181408.3452659,9.881047172498418,0.0,True,False
1783181408.3613513,8.562723744845158,-24.750405268873177,True,False
1783181408.3772151,8.562723744845158,0.0,True,False
1783181408.3935277,7.543841921621129,-1.2747193396180725,True,False
1783181408.4092145,7.543841921621129,0.0,True,False
1783181408.4252262,6.189616103090755,-15.674526605346744,True,False
1783181408.4417477,6.189616103090755,0.0,True,False
1783181408.4575915,5.69547342091149,35.910956370112004,True,False
1783181408.4734569,5.69547342091149,0.0,True,False
1783181408.4900753,5.69547342091149,0.0,True,False
1783181408.5071187,1.8636877856994305,-125.95655358534076,True,False
1783181408.5224624,1.8636877856994305,0.0,True,False
1783181408.539136,0.29470355719788643,86.48599024791886,False,True
1783181408.5548253,0.29470355719788643,0.0,False,True
1783181408.5703516,-0.6288741153724964,27.46832045671598,False,True
1783181408.5867317,-0.6288741153724964,0.0,False,True
1783181408.6029737,-1.4602545624720429,3.2889053966568826,False,True
1783181408.6182408,-1.4602545624720429,0.0,False,True
1783181408.6342247,-1.4602545624720429,0.0,False,True
1783181408.6512299,-3.004482104525274,-26.291739840061958,False,True
1783181408.6675403,-3.004482104525274,0.0,False,True
1783181408.6835268,-4.678919945795213,-6.665359721896961,False,True
1783181408.7001455,-4.678919945795213,0.0,False,True
1783181408.7153559,-5.2095339290648335,48.772745775166335,False,True
1783181408.7314873,-5.2095339290648335,0.0,False,True
1783181408.7473273,-5.718087704431087,1.8484033026881024,False,True
1783181408.7634451,-5.718087704431087,0.0,False,True
1783181408.7793329,-5.718087704431087,0.0,False,True
1783181408.7959383,-6.046985349535808,6.651762269155501,False,True
1783181408.81155,-6.046985349535808,0.0,False,True
1783181408.8276248,-6.045208479280755,12.857130131401847,False,True
1783181408.8432205,-6.045208479280755,0.0,False,True
1783181408.8592315,-5.825515617482874,8.393114773668904,False,True
1783181408.8755467,-5.825515617482874,0.0,False,True
1783181408.8916025,-5.825515617482874,0.0,False,True
1783181408.9076605,-5.290573760170979,12.324992311896647,False,True
1783181408.92322,-5.290573760170979,0.0,False,True
1783181408.9394376,-4.677576902049801,2.2014807547193325,False,True
1783181408.955859,-4.677576902049801,0.0,False,True
1783181408.971736,-4.167131954833141,-2.8668337737938616,False,True
1783181408.9881341,-4.167131954833141,0.0,False,True
1783181409.0046127,-3.0384920246702176,24.210836779697754,False,True
1783181409.020673,-3.0384920246702176,0.0,False,True
1783181409.0364814,-3.0384920246702176,0.0,False,True
1783181409.0528173,-2.1136206658615073,-8.034099161432529,False,True
1783181409.0689878,-2.1136206658615073,0.0,False,True
1783181409.0848794,-0.4640719969799504,26.965827974705718,False,True
1783181409.100452,-0.4640719969799504,0.0,False,True
1783181409.1164024,0.309734216986967,-32.49138624685243,False,True
1783181409.133148,0.309734216986967,0.0,False,True
1783181409.148313,1.5132351976980811,15.792096111024629,False,True
1783181409.1651645,1.5132351976980811,0.0,False,True
1783181409.1807945,1.5132351976980811,0.0,False,True
1783181409.1965652,2.5165512218456896,-6.911244036180964,False,True
1783181409.2126536,2.5165512218456896,0.0,False,True
1783181409.2290773,3.4697524908392974,-0.5611300939776177,False,True
1783181409.24484,3.4697524908392974,0.0,False,True
1783181409.260883,4.929612466703457,17.224405956002176,False,True
1783181409.27619,4.929612466703457,0.0,False,True
1783181409.2922633,4.929612466703457,0.0,False,True
1783181409.3086655,5.795109342252709,-22.188480269650878,False,True
1783181409.3245912,5.795109342252709,0.0,False,True
1783181409.341005,7.055994919358705,14.304081395215432,False,True
1783181409.3568833,7.055994919358705,0.0,False,True
1783181409.3724859,8.064406456671934,-8.076142946548435,False,True
1783181409.3884788,8.064406456671934,0.0,False,True
1783181409.4046347,9.534028827884757,18.80534461531833,False,True
1783181409.420263,9.534028827884757,0.0,False,True
1783181409.4362724,9.534028827884757,0.0,False,True
1783181409.4523726,10.614375035128756,-17.202506790095594,False,True
1783181409.4684668,10.614375035128756,0.0,False,True
1783181409.4843223,12.204990840551087,21.087625540539545,False,True
1783181409.500864,12.204990840551087,0.0,False,True
1783181409.516764,12.490653907213071,-51.99152682119595,False,True
1783181409.5327432,12.490653907213071,0.0,False,True
1783181409.5483706,12.490653907213071,0.0,False,True
1783181409.564333,12.353794632239337,-16.681255603360444,False,True
1783181409.5803967,12.353794632239337,0.0,False,True
1783181409.5963428,11.958060428132999,-9.274740892737034,False,True
1783181409.612374,11.958060428132999,0.0,False,True
1783181409.6286678,11.406196739181617,-7.63073267008746,False,True
1783181409.6442387,11.406196739181617,0.0,False,True
1783181409.6606598,10.693608121699246,-4.6015518548361145,False,True
1783181409.6770656,10.693608121699246,0.0,False,True
1783181409.6926305,10.693608121699246,0.0,False,True
1783181409.7087936,9.87679333471677,-5.200082008034989,False,True
1783181409.7244434,9.87679333471677,0.0,False,True
1783181409.740748,8.78540273582167,-12.043406477688988,False,True
1783181409.7570171,8.78540273582167,0.0,False,True
1783181409.7728107,7.410909166224165,-9.998079934794415,False,True
1783181409.7890584,7.410909166224165,0.0,False,True
1783181409.8049364,4.660772516666789,-59.90916394592857,False,True
1783181409.820902,4.660772516666789,0.0,False,True
1783181409.837004,4.660772516666789,0.0,False,True
1783181409.8532245,3.186888514381726,55.585830920899696,False,True
1783181409.8694801,3.186888514381726,0.0,False,True
1783181409.8858166,1.5478400056915727,-5.766147067149803,False,True
1783181409.901256,1.5478400056915727,0.0,False,True
1783181409.9173403,-0.0011609268494629423,1.9214491695505957,False,True
1783181409.9337442,-0.0011609268494629423,0.0,False,True
1783181409.9498413,-0.910973050470254,24.979093234381832,False,True
1783181409.9653983,-0.910973050470254,0.0,False,True
1783181409.9820173,-0.910973050470254,0.0,False,True
1783181409.9978309,-2.1731717970410585,-12.01107724035455,False,True
1783181410.0138624,-2.1731717970410585,0.0,False,True
1783181410.0299509,-3.635320402575833,-8.462948782450827,False,True
1783181410.0461156,-3.635320402575833,0.0,False,True
1783181410.0616703,-4.604327763772459,18.916694620374333,False,True
1783181410.0791752,-4.604327763772459,0.0,False,True
1783181410.0944552,-5.378302832368877,7.9608162985046125,False,True
1783181410.1109242,-5.378302832368877,0.0,False,True
1783181410.1270967,-5.378302832368877,0.0,False,True
1783181410.1424956,-6.018695704685637,6.241894258967964,False,True
1783181410.1585674,-6.018695704685637,0.0,False,True
1783181410.1746874,-6.826046839125489,-6.668189874242554,False,True
1783181410.1909332,-6.826046839125489,0.0,False,True
1783181410.2071626,-7.427096582768618,8.28386387874837,False,True
1783181410.2226646,-7.427096582768618,0.0,False,True
1783181410.2390797,-7.427096582768618,0.0,False,True
1783181410.2543693,-7.86520680447077,6.344345369674431,False,True
1783181410.2711725,-7.86520680447077,0.0,False,True
1783181410.2873604,-8.036744923698622,10.691586364127463,False,True
1783181410.303588,-8.036744923698622,0.0,False,True
1783181410.3196998,-7.976861278787132,8.762988407839433,False,True
1783181410.3361306,-7.976861278787132,0.0,False,True
1783181410.3522,-7.976861278787132,0.0,False,True
1783181410.3691766,-7.733744383232226,4.2736724742890635,False,True
1783181410.384701,-7.733744383232226,0.0,False,True
1783181410.4008965,-7.733744383232226,0.0,False,True
1783181410.416768,-7.733744383232226,0.0,False,True
1783181410.4331396,-7.238371660021139,4.262821171984848,False,True
1783181410.4486063,-7.238371660021139,0.0,False,True
1783181410.4643328,-7.238371660021139,0.0,False,True
1783181410.481069,-6.431030916635411,10.9317153985104,False,True
1783181410.4971976,-6.431030916635411,0.0,False,True
1783181410.5138528,-6.431030916635411,0.0,False,True
1783181410.529884,-5.546297602140749,13.290836510096534,False,True
1783181410.545409,-5.546297602140749,0.0,False,True
1783181410.561529,-4.419751469383632,7.133770893090424,False,True
1783181410.5781913,-4.419751469383632,0.0,False,True
1783181410.5943477,-1.4183422456664734,74.52066321358868,False,True
1783181410.6110096,-1.4183422456664734,0.0,False,True
1783181410.6271968,1.0193886605613258,-19.711107336501147,False,True
1783181410.642548,1.0193886605613258,0.0,False,True
1783181410.6585422,1.0193886605613258,0.0,False,True
1783181410.6747952,2.1434331470383032,-54.40700710478936,False,True
1783181410.6905906,2.1434331470383032,0.0,False,True
1783181410.7065825,4.084665199564423,34.63018157946035,False,True
1783181410.7225804,4.084665199564423,0.0,False,True
1783181410.7389693,5.590673145671086,-20.371760773737705,False,True
1783181410.7548668,5.590673145671086,0.0,False,True
1783181410.77095,7.112109209387037,4.679645114417947,False,True
1783181410.7863896,7.112109209387037,0.0,False,True
1783181410.8025894,7.112109209387037,0.0,False,True
1783181410.818667,9.514905391652936,34.13753149046791,False,True
1783181410.8350248,9.514905391652936,0.0,False,True
1783181410.8504536,10.218695384056563,-71.00407564499108,False,True
1783181410.8670466,10.218695384056563,0.0,False,True
1783181410.882416,10.874191653541265,-1.2757177128361887,False,True
1783181410.8992107,10.874191653541265,0.0,False,True
1783181410.9147985,10.874191653541265,0.0,False,True
1783181410.9303098,11.476033715061282,-8.763005635887804,False,True
1783181410.946214,11.476033715061282,0.0,False,True
1783181410.9627826,11.476033715061282,0.0,False,True
1783181410.9786355,11.924033622525105,-4.957442051785474,False,True
1783181410.9950917,11.924033622525105,0.0,False,True
1783181411.0105512,12.132110584695114,-4.7326107482837605,False,True
1783181411.0268824,12.132110584695114,0.0,False,True
1783181411.0430603,12.132110584695114,0.0,False,True
1783181411.0583646,12.132110584695114,0.0,False,True
1783181411.0747313,12.251303768777793,-4.855512166863105,False,True
1783181411.0910277,12.251303768777793,0.0,False,True
1783181411.1067758,12.286800908544107,-2.127969654713556,False,True
1783181411.123032,12.286800908544107,0.0,False,True
1783181411.1389716,12.286800908544107,0.0,False,True
1783181411.1549292,11.90245789752023,-12.749635113930811,False,True
1783181411.17036,11.90245789752023,0.0,False,True
1783181411.1866157,11.622406000084725,0.9901555010444637,False,True
1783181411.2029657,11.622406000084725,0.0,False,True
1783181411.2192075,11.622406000084725,0.0,False,True
1783181411.235144,11.161613406113588,-2.9835429595952156,False,True
1783181411.250477,11.161613406113588,0.0,False,True
1783181411.266436,11.161613406113588,0.0,False,True
1783181411.282771,9.874951520373449,-24.591332113129376,False,True
1783181411.2986195,9.874951520373449,0.0,False,True
1783181411.3152711,9.874951520373449,0.0,False,True
1783181411.332277,8.888318333620495,-1.1448366054508985,False,True
1783181411.3478851,8.888318333620495,0.0,False,True
1783181411.3636048,7.99440841945336,3.8021948898321147,False,True
1783181411.3799312,7.99440841945336,0.0,False,True
1783181411.3962853,7.3237152333136075,8.216641950994777,False,True
1783181411.4131336,7.3237152333136075,0.0,False,True
1783181411.4285545,5.250629796137563,-58.60466876022393,False,True
1783181411.4451473,5.250629796137563,0.0,False,True
1783181411.4602938,3.910398129747488,31.50353703259652,False,True
1783181411.4765446,3.910398129747488,0.0,False,True
1783181411.492895,3.910398129747488,0.0,False,True
1783181411.508799,2.88200329647375,13.111744971866402,False,True
1783181411.5247843,2.88200329647375,0.0,False,True
1783181411.5410888,1.4674249367145793,-14.513113485788912,False,True
1783181411.5565367,1.4674249367145793,0.0,False,True
1783181411.5732446,0.41698288435513003,13.222287844125743,False,True
1783181411.5883157,0.41698288435513003,0.0,False,True
1783181411.6048615,-0.3224886890254967,12.117387697198001,False,True
1783181411.6207845,-0.3224886890254967,0.0,False,True
1783181411.6364577,-0.3224886890254967,0.0,False,True
1783181411.652618,-2.444365320836611,-55.63670590592906,False,True
1783181411.6687276,-2.444365320836611,0.0,False,True
1783181411.6851723,-1.7383035842253178,110.74822228048939,False,True
1783181411.7006104,-1.7383035842253178,0.0,False,True
1783181411.7166593,-5.048301137763576,-156.96995986514224,True,False
1783181411.7332213,-5.048301137763576,0.0,True,False
1783181411.7486885,-4.432488303975036,158.20010940978435,False,True
1783181411.764652,-4.432488303975036,0.0,False,True
1783181411.780836,-4.432488303975036,0.0,False,True
1783181411.7968476,-4.0528979013307165,-9.259915437196216,False,True
1783181411.813202,-4.0528979013307165,0.0,False,True
1783181411.8289137,-4.578690435487212,-35.50239338970709,False,True
1783181411.8447838,-4.578690435487212,0.0,False,True
1783181411.860672,-5.996323765158579,-36.45538413246454,False,True
1783181411.8770232,-5.996323765158579,0.0,False,True
1783181411.8924181,-5.996323765158579,0.0,False,True
1783181411.9090006,-7.285227520825779,3.9991825675707076,False,True
1783181411.9251516,-7.285227520825779,0.0,False,True
1783181411.9408884,-8.495434628091596,3.952252522585063,False,True
1783181411.956318,-8.495434628091596,0.0,False,True
1783181411.972813,-10.083530602889072,-14.389674990837985,False,True
1783181411.988585,-10.083530602889072,0.0,False,True
1783181412.0052483,-10.616633243621177,39.90526775973578,False,True
1783181412.0214467,-10.616633243621177,0.0,False,True
1783181412.0372977,-10.933233076171195,9.507143174572688,False,True
1783181412.0538938,-10.933233076171195,0.0,False,True
1783181412.0701647,-10.933233076171195,0.0,False,True
1783181412.0862792,-10.970027798821132,10.81424066904157,False,True
1783181412.1019425,-10.970027798821132,0.0,False,True
1783181412.1178718,-10.839947387780963,6.458651692775711,False,True
1783181412.1337109,-10.839947387780963,0.0,False,True
1783181412.149826,-10.4238402231845,11.258812852396309,False,True
1783181412.1655576,-10.4238402231845,0.0,False,True
1783181412.1812763,-10.4238402231845,0.0,False,True
1783181412.1981592,-10.02206751775087,-0.386467627776699,False,True
1783181412.2140436,-10.02206751775087,0.0,False,True
1783181412.2300608,-9.550978688025493,2.5060269486518227,False,True
1783181412.2462423,-9.550978688025493,0.0,False,True
1783181412.2616735,-8.844623404135222,9.405286703773086,False,True
1783181412.2780583,-8.844623404135222,0.0,False,True
1783181412.2934797,-8.016381055380855,5.349727087274086,False,True
1783181412.3097794,-8.016381055380855,0.0,False,True
1783181412.3261964,-8.016381055380855,0.0,False,True
1783181412.3416314,-7.243569784846225,-1.6197076227899487,False,True
1783181412.3575442,-7.243569784846225,0.0,False,True
1783181412.3737106,-4.521677319277232,72.56807772927806,False,True
1783181412.389669,-4.521677319277232,0.0,False,True
1783181412.4058442,-4.521677319277232,0.0,False,True
1783181412.4213645,-5.269222741711515,-130.00044079933255,True,False
1783181412.4374247,-5.269222741711515,0.0,True,False
1783181412.4541163,-5.269222741711515,0.0,True,False
1783181412.4700508,-1.2978319954736894,136.01131695793728,False,True
1783181412.4854512,-1.2978319954736894,0.0,False,True
1783181412.501783,-0.3292039077525574,-73.75053028789753,False,True
1783181412.5177143,-0.3292039077525574,0.0,False,True
1783181412.5337474,-0.3292039077525574,0.0,False,True
1783181412.5501058,0.16330608004761268,-17.886221945117402,False,True
1783181412.5653849,0.16330608004761268,0.0,False,True
1783181412.582159,0.8277438516052523,6.019126819055662,False,True
1783181412.5983353,0.8277438516052523,0.0,False,True
1783181412.615111,1.895888363545187,15.241500178803554,False,True
1783181412.6304247,1.895888363545187,0.0,False,True
1783181412.6471713,4.054648041966285,43.1951625339134,False,True
1783181412.6631272,4.054648041966285,0.0,False,True
1783181412.6789484,4.054648041966285,0.0,False,True
1783181412.6952171,5.059812374866042,-46.180919130623366,False,True
1783181412.7105606,5.059812374866042,0.0,False,True
1783181412.726642,5.7454258158448175,-13.449602561546147,False,True
1783181412.7432225,5.7454258158448175,0.0,False,True
1783181412.76024,6.6379965829118355,8.587867780358124,False,True
1783181412.7760777,6.6379965829118355,0.0,False,True
